timestamp,occupancy,speed,is_anomaly
2015-09-01 00:00:00,4.813,61.082,0
2015-09-01 00:05:00,4.855,62.791,0
2015-09-01 00:10:00,4.834,58.413,0
2015-09-01 00:15:00,5.432,60.305,0
2015-09-01 00:20:00,4.718,61.75,0
2015-09-01 00:25:00,5.302,63.29,0
2015-09-01 00:30:00,5.854,60.66,0
2015-09-01 00:35:00,4.04,60.133,0
2015-09-01 00:40:00,5.32,63.568,0
2015-09-01 00:45:00,5.054,60.986,0
2015-09-01 00:50:00,5.691,57.686,0
2015-09-01 00:55:00,4.594,62.616,0
2015-09-01 01:00:00,6.135,59.69,0
2015-09-01 01:05:00,5.49,61.281,0
2015-09-01 01:10:00,6.017,58.057,0
2015-09-01 01:15:00,5.739,57.519,0
2015-09-01 01:20:00,1.594,63.272,0
2015-09-01 01:25:00,3.809,64.133,0
2015-09-01 01:30:00,5.864,57.991,0
2015-09-01 01:35:00,6.102,58.199,0
2015-09-01 01:40:00,4.888,60.769,0
2015-09-01 01:45:00,5.149,62.746,0
2015-09-01 01:50:00,5.83,61.161,0
2015-09-01 01:55:00,5.845,61.404,0
2015-09-01 02:00:00,4.185,60.59,0
2015-09-01 02:05:00,4.389,62.829,0
2015-09-01 02:10:00,4.675,66.23,0
2015-09-01 02:15:00,3.935,60.064,0
2015-09-01 02:20:00,5.999,63.145,0
2015-09-01 02:25:00,5.657,62.297,0
2015-09-01 02:30:00,6.854,59.3,0
2015-09-01 02:35:00,3.15,61.943,0
2015-09-01 02:40:00,6.239,57.186,0
2015-09-01 02:45:00,5.044,61.715,0
2015-09-01 02:50:00,4.59,63.087,0
2015-09-01 02:55:00,5.755,65.175,0
2015-09-01 03:00:00,5.806,59.265,0
2015-09-01 03:05:00,4.27,60.28,0
2015-09-01 03:10:00,6.238,58.94,0
2015-09-01 03:15:00,4.909,62.835,0
2015-09-01 03:20:00,4.06,61.555,0
2015-09-01 03:25:00,2.607,61.358,0
2015-09-01 03:30:00,4.263,62.781,0
2015-09-01 03:35:00,6.553,59.737,0
2015-09-01 03:40:00,5.342,61.261,0
2015-09-01 03:45:00,6.413,61.694,0
2015-09-01 03:50:00,5.36,58.886,0
2015-09-01 03:55:00,6.179,60.892,0
2015-09-01 04:00:00,6.602,59.669,0
2015-09-01 04:05:00,7.547,58.112,0
2015-09-01 04:10:00,7.082,59.503,0
2015-09-01 04:15:00,4.342,59.618,0
2015-09-01 04:20:00,4.821,64.267,0
2015-09-01 04:25:00,6.083,61.599,0
2015-09-01 04:30:00,1.938,65.58,0
2015-09-01 04:35:00,5.756,59.432,0
2015-09-01 04:40:00,4.226,61.981,0
2015-09-01 04:45:00,7.294,56.961,0
2015-09-01 04:50:00,4.507,64.442,0
2015-09-01 04:55:00,4.498,60.999,0
2015-09-01 05:00:00,5.221,58.557,0
2015-09-01 05:05:00,5.4,58.45,0
2015-09-01 05:10:00,6.289,60.032,0
2015-09-01 05:15:00,8.134,58.834,0
2015-09-01 05:20:00,6.973,56.769,0
2015-09-01 05:25:00,5.077,61.823,0
2015-09-01 05:30:00,7.548,55.467,0
2015-09-01 05:35:00,6.616,60.897,0
2015-09-01 05:40:00,7.379,60.415,0
2015-09-01 05:45:00,5.518,59.715,0
2015-09-01 05:50:00,3.901,62.685,0
2015-09-01 05:55:00,5.356,64.952,0
2015-09-01 06:00:00,4.903,61.983,0
2015-09-01 06:05:00,4.0,61.409,0
2015-09-01 06:10:00,6.731,61.253,0
2015-09-01 06:15:00,8.638,57.706,0
2015-09-01 06:20:00,5.677,61.522,0
2015-09-01 06:25:00,8.187,59.205,0
2015-09-01 06:30:00,7.002,61.615,0
2015-09-01 06:35:00,8.433,59.388,0
2015-09-01 06:40:00,10.393,57.345,0
2015-09-01 06:45:00,9.536,61.246,0
2015-09-01 06:50:00,9.916,55.988,0
2015-09-01 06:55:00,10.188,59.287,0
2015-09-01 07:00:00,10.647,56.924,0
2015-09-01 07:05:00,12.501,53.098,0
2015-09-01 07:10:00,9.159,57.897,0
2015-09-01 07:15:00,12.161,53.231,0
2015-09-01 07:20:00,13.452,54.436,0
2015-09-01 07:25:00,11.48,56.13,0
2015-09-01 07:30:00,12.967,50.715,0
2015-09-01 07:35:00,14.251,52.371,0
2015-09-01 07:40:00,13.123,54.579,0
2015-09-01 07:45:00,15.142,50.46,0
2015-09-01 07:50:00,15.429,53.373,0
2015-09-01 07:55:00,14.364,53.116,0
2015-09-01 08:00:00,15.656,55.659,0
2015-09-01 08:05:00,13.571,54.498,0
2015-09-01 08:10:00,15.909,50.686,0
2015-09-01 08:15:00,19.068,47.868,0
2015-09-01 08:20:00,19.771,46.333,0
2015-09-01 08:25:00,17.547,48.349,0
2015-09-01 08:30:00,16.398,50.546,0
2015-09-01 08:35:00,17.105,50.155,0
2015-09-01 08:40:00,14.883,55.867,0
2015-09-01 08:45:00,17.52,52.842,0
2015-09-01 08:50:00,16.519,50.892,0
2015-09-01 08:55:00,22.006,43.355,0
2015-09-01 09:00:00,15.987,49.72,0
2015-09-01 09:05:00,18.56,49.755,0
2015-09-01 09:10:00,19.616,46.85,0
2015-09-01 09:15:00,15.83,50.092,0
2015-09-01 09:20:00,19.482,48.424,0
2015-09-01 09:25:00,15.267,51.427,0
2015-09-01 09:30:00,19.557,51.674,0
2015-09-01 09:35:00,18.388,49.15,0
2015-09-01 09:40:00,15.956,49.155,0
2015-09-01 09:45:00,17.534,50.349,0
2015-09-01 09:50:00,18.128,47.822,0
2015-09-01 09:55:00,15.775,49.458,0
2015-09-01 10:00:00,15.667,52.403,0
2015-09-01 10:05:00,14.066,51.971,0
2015-09-01 10:10:00,17.56,52.362,0
2015-09-01 10:15:00,16.976,51.875,0
2015-09-01 10:20:00,16.277,49.048,0
2015-09-01 10:25:00,15.838,54.009,0
2015-09-01 10:30:00,17.931,49.94,0
2015-09-01 10:35:00,20.899,46.081,0
2015-09-01 10:40:00,17.314,50.167,0
2015-09-01 10:45:00,16.164,55.277,0
2015-09-01 10:50:00,18.362,45.758,0
2015-09-01 10:55:00,15.84,51.809,0
2015-09-01 11:00:00,17.341,46.829,0
2015-09-01 11:05:00,13.358,49.497,0
2015-09-01 11:10:00,16.17,50.432,0
2015-09-01 11:15:00,16.688,48.607,0
2015-09-01 11:20:00,14.627,48.058,0
2015-09-01 11:25:00,16.629,50.943,0
2015-09-01 11:30:00,17.476,50.979,0
2015-09-01 11:35:00,15.923,53.572,0
2015-09-01 11:40:00,15.98,49.498,0
2015-09-01 11:45:00,15.467,50.137,0
2015-09-01 11:50:00,13.314,53.665,0
2015-09-01 11:55:00,16.439,49.659,0
2015-09-01 12:00:00,15.169,52.333,0
2015-09-01 12:05:00,18.31,48.682,0
2015-09-01 12:10:00,15.397,50.19,0
2015-09-01 12:15:00,15.942,48.325,0
2015-09-01 12:20:00,15.843,51.071,0
2015-09-01 12:25:00,18.374,50.432,0
2015-09-01 12:30:00,17.287,48.152,0
2015-09-01 12:35:00,16.776,47.784,0
2015-09-01 12:40:00,16.27,51.381,0
2015-09-01 12:45:00,14.823,55.917,0
2015-09-01 12:50:00,16.509,46.511,0
2015-09-01 12:55:00,16.438,49.57,0
2015-09-01 13:00:00,15.665,52.05,0
2015-09-01 13:05:00,16.111,46.617,0
2015-09-01 13:10:00,14.034,54.213,0
2015-09-01 13:15:00,17.164,53.5,0
2015-09-01 13:20:00,17.747,45.029,0
2015-09-01 13:25:00,16.33,46.654,0
2015-09-01 13:30:00,17.351,50.023,0
2015-09-01 13:35:00,13.692,57.013,0
2015-09-01 13:40:00,15.932,47.083,0
2015-09-01 13:45:00,15.393,49.914,0
2015-09-01 13:50:00,15.072,50.751,0
2015-09-01 13:55:00,16.628,47.357,0
2015-09-01 14:00:00,15.168,55.218,0
2015-09-01 14:05:00,13.594,53.507,0
2015-09-01 14:10:00,14.845,50.518,0
2015-09-01 14:15:00,15.338,51.623,0
2015-09-01 14:20:00,13.183,57.0,0
2015-09-01 14:25:00,15.355,51.079,0
2015-09-01 14:30:00,13.416,51.686,0
2015-09-01 14:35:00,15.763,50.732,0
2015-09-01 14:40:00,14.682,51.683,0
2015-09-01 14:45:00,14.811,51.697,0
2015-09-01 14:50:00,14.931,51.449,0
2015-09-01 14:55:00,14.948,53.144,0
2015-09-01 15:00:00,13.654,51.309,0
2015-09-01 15:05:00,12.522,52.622,0
2015-09-01 15:10:00,12.408,55.944,0
2015-09-01 15:15:00,13.574,56.245,0
2015-09-01 15:20:00,16.549,50.327,0
2015-09-01 15:25:00,11.528,54.285,0
2015-09-01 15:30:00,13.401,50.292,0
2015-09-01 15:35:00,13.135,54.096,0
2015-09-01 15:40:00,12.827,52.278,0
2015-09-01 15:45:00,12.404,57.79,0
2015-09-01 15:50:00,13.15,51.848,0
2015-09-01 15:55:00,12.84,55.711,0
2015-09-01 16:00:00,12.402,55.182,0
2015-09-01 16:05:00,14.204,54.004,0
2015-09-01 16:10:00,15.041,50.61,0
2015-09-01 16:15:00,14.653,50.494,0
2015-09-01 16:20:00,12.62,56.403,0
2015-09-01 16:25:00,14.153,52.559,0
2015-09-01 16:30:00,11.477,56.22,0
2015-09-01 16:35:00,12.139,52.62,0
2015-09-01 16:40:00,12.039,55.056,0
2015-09-01 16:45:00,10.036,57.188,0
2015-09-01 16:50:00,12.919,52.558,0
2015-09-01 16:55:00,13.927,53.993,0
2015-09-01 17:00:00,11.662,53.581,0
2015-09-01 17:05:00,13.21,50.418,0
2015-09-01 17:10:00,11.714,53.609,0
2015-09-01 17:15:00,12.061,54.964,0
2015-09-01 17:20:00,11.824,57.037,0
2015-09-01 17:25:00,11.861,54.102,0
2015-09-01 17:30:00,9.762,58.17,0
2015-09-01 17:35:00,11.776,57.715,0
2015-09-01 17:40:00,9.853,56.692,0
2015-09-01 17:45:00,10.467,55.881,0
2015-09-01 17:50:00,10.259,52.825,0
2015-09-01 17:55:00,11.004,56.852,0
2015-09-01 18:00:00,11.073,59.98,0
2015-09-01 18:05:00,9.086,57.296,0
2015-09-01 18:10:00,9.397,60.957,0
2015-09-01 18:15:00,7.007,60.315,0
2015-09-01 18:20:00,7.207,53.99,0
2015-09-01 18:25:00,6.345,57.209,0
2015-09-01 18:30:00,10.206,54.568,0
2015-09-01 18:35:00,8.358,55.733,0
2015-09-01 18:40:00,9.281,54.979,0
2015-09-01 18:45:00,10.028,54.487,0
2015-09-01 18:50:00,7.148,59.455,0
2015-09-01 18:55:00,7.999,61.25,0
2015-09-01 19:00:00,7.948,56.033,0
2015-09-01 19:05:00,6.89,58.309,0
2015-09-01 19:10:00,8.389,58.798,0
2015-09-01 19:15:00,7.124,60.972,0
2015-09-01 19:20:00,6.428,59.621,0
2015-09-01 19:25:00,7.191,62.225,0
2015-09-01 19:30:00,6.675,58.958,0
2015-09-01 19:35:00,5.296,62.341,0
2015-09-01 19:40:00,5.751,61.224,0
2015-09-01 19:45:00,3.91,64.372,0
2015-09-01 19:50:00,4.525,60.147,0
2015-09-01 19:55:00,7.514,56.193,0
2015-09-01 20:00:00,5.924,60.521,0
2015-09-01 20:05:00,4.626,64.291,0
2015-09-01 20:10:00,7.777,54.669,0
2015-09-01 20:15:00,3.856,63.953,0
2015-09-01 20:20:00,3.965,61.456,0
2015-09-01 20:25:00,5.753,61.919,0
2015-09-01 20:30:00,5.226,61.226,0
2015-09-01 20:35:00,4.445,64.362,0
2015-09-01 20:40:00,4.756,62.162,0
2015-09-01 20:45:00,4.684,61.763,0
2015-09-01 20:50:00,5.086,60.843,0
2015-09-01 20:55:00,3.947,63.843,0
2015-09-01 21:00:00,7.067,59.772,0
2015-09-01 21:05:00,6.15,61.834,0
2015-09-01 21:10:00,6.376,60.549,0
2015-09-01 21:15:00,5.422,62.577,0
2015-09-01 21:20:00,5.214,59.099,0
2015-09-01 21:25:00,5.137,57.343,0
2015-09-01 21:30:00,5.082,61.999,0
2015-09-01 21:35:00,6.683,59.954,0
2015-09-01 21:40:00,6.27,60.042,0
2015-09-01 21:45:00,3.723,59.64,0
2015-09-01 21:50:00,3.784,59.673,0
2015-09-01 21:55:00,5.861,60.017,0
2015-09-01 22:00:00,5.772,60.663,0
2015-09-01 22:05:00,6.383,62.057,0
2015-09-01 22:10:00,4.182,61.478,0
2015-09-01 22:15:00,4.325,58.649,0
2015-09-01 22:20:00,5.892,62.78,0
2015-09-01 22:25:00,5.003,60.261,0
2015-09-01 22:30:00,6.428,55.204,0
2015-09-01 22:35:00,5.238,61.31,0
2015-09-01 22:40:00,4.264,64.732,0
2015-09-01 22:45:00,6.267,59.524,0
2015-09-01 22:50:00,4.891,60.577,0
2015-09-01 22:55:00,4.337,59.263,0
2015-09-01 23:00:00,6.796,61.599,0
2015-09-01 23:05:00,6.04,58.074,0
2015-09-01 23:10:00,7.707,62.639,0
2015-09-01 23:15:00,5.246,59.208,0
2015-09-01 23:20:00,3.875,63.156,0
2015-09-01 23:25:00,3.814,62.308,0
2015-09-01 23:30:00,6.416,56.891,0
2015-09-01 23:35:00,7.608,61.906,0
2015-09-01 23:40:00,3.392,59.95,0
2015-09-01 23:45:00,4.632,59.537,0
2015-09-01 23:50:00,4.657,56.413,0
2015-09-01 23:55:00,4.703,65.138,0
2015-09-02 00:00:00,3.548,62.083,0
2015-09-02 00:05:00,3.064,64.366,0
2015-09-02 00:10:00,4.707,65.41,0
2015-09-02 00:15:00,5.269,60.25,0
2015-09-02 00:20:00,5.715,59.558,0
2015-09-02 00:25:00,3.259,63.508,0
2015-09-02 00:30:00,4.773,61.799,0
2015-09-02 00:35:00,5.488,59.766,0
2015-09-02 00:40:00,5.548,64.205,0
2015-09-02 00:45:00,3.56,66.093,0
2015-09-02 00:50:00,4.684,60.017,0
2015-09-02 00:55:00,8.155,58.562,0
2015-09-02 01:00:00,6.782,61.193,0
2015-09-02 01:05:00,2.815,63.567,0
2015-09-02 01:10:00,4.317,59.215,0
2015-09-02 01:15:00,2.697,63.643,0
2015-09-02 01:20:00,5.767,61.302,0
2015-09-02 01:25:00,4.602,60.031,0
2015-09-02 01:30:00,3.717,61.358,0
2015-09-02 01:35:00,3.657,62.119,0
2015-09-02 01:40:00,4.97,59.486,0
2015-09-02 01:45:00,4.698,60.016,0
2015-09-02 01:50:00,4.994,62.27,0
2015-09-02 01:55:00,5.232,61.974,0
2015-09-02 02:00:00,2.852,62.533,0
2015-09-02 02:05:00,5.36,62.191,0
2015-09-02 02:10:00,2.923,63.542,0
2015-09-02 02:15:00,6.568,59.403,0
2015-09-02 02:20:00,4.877,62.268,0
2015-09-02 02:25:00,5.321,62.294,0
2015-09-02 02:30:00,5.094,61.466,0
2015-09-02 02:35:00,3.983,61.875,0
2015-09-02 02:40:00,6.629,59.294,0
2015-09-02 02:45:00,4.781,60.475,0
2015-09-02 02:50:00,6.023,58.568,0
2015-09-02 02:55:00,6.184,58.251,0
2015-09-02 03:00:00,3.625,62.968,0
2015-09-02 03:05:00,5.17,61.684,0
2015-09-02 03:10:00,6.382,59.112,0
2015-09-02 03:15:00,5.576,58.883,0
2015-09-02 03:20:00,6.638,60.959,0
2015-09-02 03:25:00,5.698,60.962,0
2015-09-02 03:30:00,3.98,61.564,0
2015-09-02 03:35:00,5.654,60.59,0
2015-09-02 03:40:00,5.163,58.375,0
2015-09-02 03:45:00,5.238,59.64,0
2015-09-02 03:50:00,3.596,62.275,0
2015-09-02 03:55:00,2.592,64.935,0
2015-09-02 04:00:00,6.114,60.085,0
2015-09-02 04:05:00,3.716,60.579,0
2015-09-02 04:10:00,4.814,56.579,0
2015-09-02 04:15:00,5.248,62.343,0
2015-09-02 04:20:00,4.612,60.63,0
2015-09-02 04:25:00,5.258,61.706,0
2015-09-02 04:30:00,6.449,59.91,0
2015-09-02 04:35:00,4.137,61.147,0
2015-09-02 04:40:00,5.278,64.098,0
2015-09-02 04:45:00,4.635,59.491,0
2015-09-02 04:50:00,3.932,58.072,0
2015-09-02 04:55:00,5.506,58.046,0
2015-09-02 05:00:00,3.491,58.732,0
2015-09-02 05:05:00,3.661,63.659,0
2015-09-02 05:10:00,3.433,59.239,0
2015-09-02 05:15:00,5.397,60.19,0
2015-09-02 05:20:00,5.76,62.009,0
2015-09-02 05:25:00,5.224,58.441,0
2015-09-02 05:30:00,5.118,62.139,0
2015-09-02 05:35:00,4.571,58.783,0
2015-09-02 05:40:00,6.819,58.692,0
2015-09-02 05:45:00,4.918,61.36,0
2015-09-02 05:50:00,6.863,60.007,0
2015-09-02 05:55:00,5.172,62.451,0
2015-09-02 06:00:00,8.488,60.712,0
2015-09-02 06:05:00,6.914,57.187,0
2015-09-02 06:10:00,11.27,52.897,0
2015-09-02 06:15:00,6.272,58.642,0
2015-09-02 06:20:00,9.245,58.058,0
2015-09-02 06:25:00,5.66,61.158,0
2015-09-02 06:30:00,8.623,57.171,0
2015-09-02 06:35:00,6.733,58.154,0
2015-09-02 06:40:00,8.169,58.285,0
2015-09-02 06:45:00,8.488,59.407,0
2015-09-02 06:50:00,8.364,54.591,0
2015-09-02 06:55:00,9.081,60.07,0
2015-09-02 07:00:00,9.747,61.422,0
2015-09-02 07:05:00,11.586,52.665,0
2015-09-02 07:10:00,10.319,56.683,0
2015-09-02 07:15:00,10.331,60.934,0
2015-09-02 07:20:00,11.032,56.882,0
2015-09-02 07:25:00,14.672,51.843,0
2015-09-02 07:30:00,11.927,54.123,0
2015-09-02 07:35:00,14.133,54.325,0
2015-09-02 07:40:00,14.165,49.742,0
2015-09-02 07:45:00,14.563,50.819,0
2015-09-02 07:50:00,12.07,53.138,0
2015-09-02 07:55:00,13.428,54.417,0
2015-09-02 08:00:00,18.18,52.447,0
2015-09-02 08:05:00,15.246,50.581,0
2015-09-02 08:10:00,17.202,51.781,0
2015-09-02 08:15:00,16.051,50.466,0
2015-09-02 08:20:00,19.727,47.045,0
2015-09-02 08:25:00,16.461,50.602,0
2015-09-02 08:30:00,35.802,44.209,1
2015-09-02 08:35:00,35.852,49.61,1
2015-09-02 08:40:00,35.457,46.466,1
2015-09-02 08:45:00,37.333,38.52,1
2015-09-02 08:50:00,31.366,50.028,1
2015-09-02 08:55:00,32.513,49.166,1
2015-09-02 09:00:00,34.301,46.004,1
2015-09-02 09:05:00,33.557,45.321,1
2015-09-02 09:10:00,36.038,47.487,1
2015-09-02 09:15:00,35.923,46.209,1
2015-09-02 09:20:00,35.396,44.64,1
2015-09-02 09:25:00,19.32,47.365,0
2015-09-02 09:30:00,19.234,48.272,0
2015-09-02 09:35:00,15.443,49.161,0
2015-09-02 09:40:00,18.554,46.843,0
2015-09-02 09:45:00,16.055,50.389,0
2015-09-02 09:50:00,17.143,47.69,0
2015-09-02 09:55:00,16.849,49.037,0
2015-09-02 10:00:00,13.805,53.891,0
2015-09-02 10:05:00,16.017,53.392,0
2015-09-02 10:10:00,15.48,48.134,0
2015-09-02 10:15:00,18.427,45.324,0
2015-09-02 10:20:00,15.969,52.024,0
2015-09-02 10:25:00,16.286,47.218,0
2015-09-02 10:30:00,16.883,49.572,0
2015-09-02 10:35:00,18.239,49.85,0
2015-09-02 10:40:00,20.454,43.277,0
2015-09-02 10:45:00,16.424,48.264,0
2015-09-02 10:50:00,17.904,50.635,0
2015-09-02 10:55:00,17.34,47.972,0
2015-09-02 11:00:00,15.354,47.354,0
2015-09-02 11:05:00,18.513,49.429,0
2015-09-02 11:10:00,15.924,52.74,0
2015-09-02 11:15:00,17.215,51.596,0
2015-09-02 11:20:00,14.108,51.17,0
2015-09-02 11:25:00,16.455,51.078,0
2015-09-02 11:30:00,17.43,47.425,0
2015-09-02 11:35:00,16.336,54.891,0
2015-09-02 11:40:00,17.057,51.537,0
2015-09-02 11:45:00,16.118,52.223,0
2015-09-02 11:50:00,18.474,48.663,0
2015-09-02 11:55:00,17.705,47.43,0
2015-09-02 12:00:00,16.864,51.788,0
2015-09-02 12:05:00,15.1,53.851,0
2015-09-02 12:10:00,15.179,49.969,0
2015-09-02 12:15:00,16.031,54.634,0
2015-09-02 12:20:00,16.408,52.284,0
2015-09-02 12:25:00,15.025,51.882,0
2015-09-02 12:30:00,14.413,51.166,0
2015-09-02 12:35:00,16.992,49.781,0
2015-09-02 12:40:00,17.751,48.732,0
2015-09-02 12:45:00,15.562,53.769,0
2015-09-02 12:50:00,14.928,48.779,0
2015-09-02 12:55:00,17.41,50.288,0
2015-09-02 13:00:00,12.848,53.883,0
2015-09-02 13:05:00,15.078,55.166,0
2015-09-02 13:10:00,14.592,50.976,0
2015-09-02 13:15:00,14.289,50.317,0
2015-09-02 13:20:00,14.492,49.361,0
2015-09-02 13:25:00,13.989,49.497,0
2015-09-02 13:30:00,13.307,50.239,0
2015-09-02 13:35:00,14.498,50.86,0
2015-09-02 13:40:00,13.5,54.131,0
2015-09-02 13:45:00,14.949,50.934,0
2015-09-02 13:50:00,14.324,55.578,0
2015-09-02 13:55:00,15.154,52.555,0
2015-09-02 14:00:00,11.394,53.868,0
2015-09-02 14:05:00,11.847,53.893,0
2015-09-02 14:10:00,15.067,50.337,0
2015-09-02 14:15:00,15.17,49.543,0
2015-09-02 14:20:00,15.159,48.492,0
2015-09-02 14:25:00,13.986,53.553,0
2015-09-02 14:30:00,14.94,51.552,0
2015-09-02 14:35:00,16.685,49.321,0
2015-09-02 14:40:00,13.499,47.657,0
2015-09-02 14:45:00,16.31,49.768,0
2015-09-02 14:50:00,12.409,56.853,0
2015-09-02 14:55:00,15.476,51.514,0
2015-09-02 15:00:00,11.94,55.495,0
2015-09-02 15:05:00,12.937,51.369,0
2015-09-02 15:10:00,15.044,47.443,0
2015-09-02 15:15:00,14.372,53.265,0
2015-09-02 15:20:00,16.252,51.211,0
2015-09-02 15:25:00,10.865,54.006,0
2015-09-02 15:30:00,13.583,53.807,0
2015-09-02 15:35:00,14.735,48.082,0
2015-09-02 15:40:00,12.995,55.594,0
2015-09-02 15:45:00,15.397,55.095,0
2015-09-02 15:50:00,12.85,55.988,0
2015-09-02 15:55:00,15.55,53.624,0
2015-09-02 16:00:00,14.233,54.135,0
2015-09-02 16:05:00,12.231,51.486,0
2015-09-02 16:10:00,14.499,51.532,0
2015-09-02 16:15:00,13.144,52.356,0
2015-09-02 16:20:00,12.625,54.472,0
2015-09-02 16:25:00,11.756,54.969,0
2015-09-02 16:30:00,13.346,53.167,0
2015-09-02 16:35:00,11.992,56.181,0
2015-09-02 16:40:00,15.316,50.248,0
2015-09-02 16:45:00,14.398,54.101,0
2015-09-02 16:50:00,9.243,55.697,0
2015-09-02 16:55:00,11.752,56.399,0
2015-09-02 17:00:00,12.695,54.888,0
2015-09-02 17:05:00,13.134,51.725,0
2015-09-02 17:10:00,11.176,52.937,0
2015-09-02 17:15:00,11.749,54.601,0
2015-09-02 17:20:00,11.999,53.147,0
2015-09-02 17:25:00,12.743,55.728,0
2015-09-02 17:30:00,13.346,54.744,0
2015-09-02 17:35:00,11.33,56.581,0
2015-09-02 17:40:00,11.617,53.66,0
2015-09-02 17:45:00,12.22,57.828,0
2015-09-02 17:50:00,12.816,53.896,0
2015-09-02 17:55:00,10.353,56.997,0
2015-09-02 18:00:00,9.6,58.119,0
2015-09-02 18:05:00,9.343,56.737,0
2015-09-02 18:10:00,11.671,55.242,0
2015-09-02 18:15:00,9.344,58.887,0
2015-09-02 18:20:00,9.314,57.734,0
2015-09-02 18:25:00,8.889,55.115,0
2015-09-02 18:30:00,8.776,55.389,0
2015-09-02 18:35:00,8.927,55.156,0
2015-09-02 18:40:00,9.678,58.304,0
2015-09-02 18:45:00,8.68,57.554,0
2015-09-02 18:50:00,8.683,53.821,0
2015-09-02 18:55:00,6.541,59.489,0
2015-09-02 19:00:00,8.241,58.012,0
2015-09-02 19:05:00,6.312,60.27,0
2015-09-02 19:10:00,6.857,57.349,0
2015-09-02 19:15:00,7.707,58.258,0
2015-09-02 19:20:00,8.67,59.094,0
2015-09-02 19:25:00,7.911,59.128,0
2015-09-02 19:30:00,5.704,58.71,0
2015-09-02 19:35:00,4.743,67.252,0
2015-09-02 19:40:00,5.112,60.724,0
2015-09-02 19:45:00,5.914,59.82,0
2015-09-02 19:50:00,5.497,57.041,0
2015-09-02 19:55:00,4.84,58.62,0
2015-09-02 20:00:00,5.862,59.062,0
2015-09-02 20:05:00,5.031,61.653,0
2015-09-02 20:10:00,5.071,63.047,0
2015-09-02 20:15:00,5.238,61.474,0
2015-09-02 20:20:00,3.936,63.575,0
2015-09-02 20:25:00,5.057,62.013,0
2015-09-02 20:30:00,5.945,60.005,0
2015-09-02 20:35:00,5.738,59.779,0
2015-09-02 20:40:00,7.149,61.077,0
2015-09-02 20:45:00,5.977,57.962,0
2015-09-02 20:50:00,3.876,60.99,0
2015-09-02 20:55:00,4.946,62.197,0
2015-09-02 21:00:00,4.064,64.494,0
2015-09-02 21:05:00,5.202,57.032,0
2015-09-02 21:10:00,4.552,56.505,0
2015-09-02 21:15:00,4.168,60.942,0
2015-09-02 21:20:00,4.331,61.235,0
2015-09-02 21:25:00,4.594,60.449,0
2015-09-02 21:30:00,7.043,61.739,0
2015-09-02 21:35:00,3.591,65.096,0
2015-09-02 21:40:00,2.956,61.562,0
2015-09-02 21:45:00,7.036,54.836,0
2015-09-02 21:50:00,5.792,57.991,0
2015-09-02 21:55:00,4.85,61.032,0
2015-09-02 22:00:00,7.237,57.503,0
2015-09-02 22:05:00,4.936,62.565,0
2015-09-02 22:10:00,4.694,59.897,0
2015-09-02 22:15:00,4.94,61.494,0
2015-09-02 22:20:00,6.164,58.259,0
2015-09-02 22:25:00,4.428,62.44,0
2015-09-02 22:30:00,4.792,61.077,0
2015-09-02 22:35:00,4.986,59.872,0
2015-09-02 22:40:00,3.967,63.113,0
2015-09-02 22:45:00,3.581,64.928,0
2015-09-02 22:50:00,5.286,58.425,0
2015-09-02 22:55:00,5.371,61.232,0
2015-09-02 23:00:00,5.993,62.624,0
2015-09-02 23:05:00,4.526,60.285,0
2015-09-02 23:10:00,4.214,60.035,0
2015-09-02 23:15:00,4.031,62.74,0
2015-09-02 23:20:00,5.021,60.247,0
2015-09-02 23:25:00,4.041,62.857,0
2015-09-02 23:30:00,4.349,59.789,0
2015-09-02 23:35:00,4.803,60.908,0
2015-09-02 23:40:00,3.609,64.226,0
2015-09-02 23:45:00,6.1,60.287,0
2015-09-02 23:50:00,5.171,62.143,0
2015-09-02 23:55:00,4.96,63.071,0
2015-09-03 00:00:00,7.153,59.366,0
2015-09-03 00:05:00,5.572,62.453,0
2015-09-03 00:10:00,4.561,59.411,0
2015-09-03 00:15:00,6.178,56.994,0
2015-09-03 00:20:00,7.325,60.782,0
2015-09-03 00:25:00,5.244,61.12,0
2015-09-03 00:30:00,7.277,57.195,0
2015-09-03 00:35:00,3.492,61.487,0
2015-09-03 00:40:00,4.66,59.56,0
2015-09-03 00:45:00,5.2,61.332,0
2015-09-03 00:50:00,3.942,65.461,0
2015-09-03 00:55:00,3.19,60.416,0
2015-09-03 01:00:00,5.489,60.371,0
2015-09-03 01:05:00,5.543,59.496,0
2015-09-03 01:10:00,3.657,61.235,0
2015-09-03 01:15:00,4.111,63.144,0
2015-09-03 01:20:00,4.376,63.366,0
2015-09-03 01:25:00,5.764,62.605,0
2015-09-03 01:30:00,6.171,61.706,0
2015-09-03 01:35:00,6.001,59.266,0
2015-09-03 01:40:00,4.66,57.913,0
2015-09-03 01:45:00,5.379,59.542,0
2015-09-03 01:50:00,5.522,61.809,0
2015-09-03 01:55:00,3.242,60.892,0
2015-09-03 02:00:00,4.546,60.646,0
2015-09-03 02:05:00,5.217,58.733,0
2015-09-03 02:10:00,5.061,57.815,0
2015-09-03 02:15:00,2.198,65.345,0
2015-09-03 02:20:00,3.303,61.742,0
2015-09-03 02:25:00,3.157,60.183,0
2015-09-03 02:30:00,4.482,60.922,0
2015-09-03 02:35:00,6.277,60.935,0
2015-09-03 02:40:00,4.661,63.088,0
2015-09-03 02:45:00,6.452,60.694,0
2015-09-03 02:50:00,4.472,63.789,0
2015-09-03 02:55:00,7.299,60.387,0
2015-09-03 03:00:00,7.302,60.916,0
2015-09-03 03:05:00,6.104,58.021,0
2015-09-03 03:10:00,3.553,62.526,0
2015-09-03 03:15:00,2.83,62.125,0
2015-09-03 03:20:00,6.128,58.848,0
2015-09-03 03:25:00,5.694,57.888,0
2015-09-03 03:30:00,4.36,63.905,0
2015-09-03 03:35:00,5.273,61.571,0
2015-09-03 03:40:00,7.218,61.736,0
2015-09-03 03:45:00,3.863,64.966,0
2015-09-03 03:50:00,4.204,61.971,0
2015-09-03 03:55:00,5.025,63.372,0
2015-09-03 04:00:00,3.539,63.542,0
2015-09-03 04:05:00,5.69,62.218,0
2015-09-03 04:10:00,4.737,63.506,0
2015-09-03 04:15:00,4.089,64.41,0
2015-09-03 04:20:00,5.475,57.999,0
2015-09-03 04:25:00,5.552,61.084,0
2015-09-03 04:30:00,4.565,60.191,0
2015-09-03 04:35:00,4.721,58.63,0
2015-09-03 04:40:00,7.24,56.866,0
2015-09-03 04:45:00,4.192,64.307,0
2015-09-03 04:50:00,5.824,61.908,0
2015-09-03 04:55:00,7.049,58.679,0
2015-09-03 05:00:00,3.734,64.141,0
2015-09-03 05:05:00,6.15,59.504,0
2015-09-03 05:10:00,3.493,65.16,0
2015-09-03 05:15:00,5.914,57.635,0
2015-09-03 05:20:00,6.212,57.217,0
2015-09-03 05:25:00,4.608,59.376,0
2015-09-03 05:30:00,4.45,60.106,0
2015-09-03 05:35:00,4.531,63.144,0
2015-09-03 05:40:00,5.768,61.777,0
2015-09-03 05:45:00,6.87,58.728,0
2015-09-03 05:50:00,5.627,61.731,0
2015-09-03 05:55:00,7.824,60.365,0
2015-09-03 06:00:00,7.493,60.919,0
2015-09-03 06:05:00,7.414,55.388,0
2015-09-03 06:10:00,7.537,59.266,0
2015-09-03 06:15:00,6.826,58.461,0
2015-09-03 06:20:00,6.577,60.584,0
2015-09-03 06:25:00,8.607,54.827,0
2015-09-03 06:30:00,8.195,57.093,0
2015-09-03 06:35:00,7.083,60.056,0
2015-09-03 06:40:00,8.309,56.788,0
2015-09-03 06:45:00,8.164,58.807,0
2015-09-03 06:50:00,9.586,54.71,0
2015-09-03 06:55:00,8.949,57.133,0
2015-09-03 07:00:00,11.019,53.433,0
2015-09-03 07:05:00,11.581,53.35,0
2015-09-03 07:10:00,14.95,49.915,0
2015-09-03 07:15:00,10.835,56.095,0
2015-09-03 07:20:00,11.147,57.066,0
2015-09-03 07:25:00,15.116,50.865,0
2015-09-03 07:30:00,13.447,52.19,0
2015-09-03 07:35:00,13.662,55.884,0
2015-09-03 07:40:00,15.254,49.7,0
2015-09-03 07:45:00,16.517,52.633,0
2015-09-03 07:50:00,15.54,49.918,0
2015-09-03 07:55:00,15.376,49.802,0
2015-09-03 08:00:00,16.26,49.92,0
2015-09-03 08:05:00,13.086,55.421,0
2015-09-03 08:10:00,16.556,52.429,0
2015-09-03 08:15:00,16.419,50.779,0
2015-09-03 08:20:00,18.308,49.383,0
2015-09-03 08:25:00,17.466,55.836,0
2015-09-03 08:30:00,17.077,50.116,0
2015-09-03 08:35:00,19.726,45.65,0
2015-09-03 08:40:00,16.266,47.683,0
2015-09-03 08:45:00,18.431,49.742,0
2015-09-03 08:50:00,18.792,45.441,0
2015-09-03 08:55:00,19.199,50.155,0
2015-09-03 09:00:00,17.804,49.151,0
2015-09-03 09:05:00,18.824,48.852,0
2015-09-03 09:10:00,18.774,45.993,0
2015-09-03 09:15:00,17.686,46.774,0
2015-09-03 09:20:00,18.69,49.305,0
2015-09-03 09:25:00,17.682,49.795,0
2015-09-03 09:30:00,15.716,52.786,0
2015-09-03 09:35:00,17.05,50.06,0
2015-09-03 09:40:00,19.018,46.42,0
2015-09-03 09:45:00,19.029,48.17,0
2015-09-03 09:50:00,17.41,50.572,0
2015-09-03 09:55:00,15.651,52.319,0
2015-09-03 10:00:00,17.251,51.684,0
2015-09-03 10:05:00,16.79,49.323,0
2015-09-03 10:10:00,17.456,49.298,0
2015-09-03 10:15:00,15.357,51.023,0
2015-09-03 10:20:00,18.444,48.292,0
2015-09-03 10:25:00,15.583,52.628,0
2015-09-03 10:30:00,14.229,48.242,0
2015-09-03 10:35:00,16.565,50.625,0
2015-09-03 10:40:00,16.794,48.26,0
2015-09-03 10:45:00,16.257,47.759,0
2015-09-03 10:50:00,16.688,46.915,0
2015-09-03 10:55:00,16.166,51.166,0
2015-09-03 11:00:00,14.039,51.618,0
2015-09-03 11:05:00,17.315,52.649,0
2015-09-03 11:10:00,14.308,53.088,0
2015-09-03 11:15:00,14.632,49.409,0
2015-09-03 11:20:00,18.294,49.957,0
2015-09-03 11:25:00,15.156,52.04,0
2015-09-03 11:30:00,17.02,50.194,0
2015-09-03 11:35:00,19.092,49.074,0
2015-09-03 11:40:00,12.266,53.767,0
2015-09-03 11:45:00,15.186,51.165,0
2015-09-03 11:50:00,16.147,49.358,0
2015-09-03 11:55:00,14.703,54.759,0
2015-09-03 12:00:00,16.873,48.629,0
2015-09-03 12:05:00,16.962,51.237,0
2015-09-03 12:10:00,17.704,47.07,0
2015-09-03 12:15:00,17.047,48.59,0
2015-09-03 12:20:00,17.508,48.983,0
2015-09-03 12:25:00,13.023,53.699,0
2015-09-03 12:30:00,13.623,52.624,0
2015-09-03 12:35:00,15.83,50.159,0
2015-09-03 12:40:00,13.931,50.534,0
2015-09-03 12:45:00,14.722,51.518,0
2015-09-03 12:50:00,17.446,50.844,0
2015-09-03 12:55:00,15.105,54.198,0
2015-09-03 13:00:00,13.884,54.18,0
2015-09-03 13:05:00,15.375,51.866,0
2015-09-03 13:10:00,16.37,49.09,0
2015-09-03 13:15:00,16.514,50.293,0
2015-09-03 13:20:00,18.538,47.78,0
2015-09-03 13:25:00,16.98,51.164,0
2015-09-03 13:30:00,13.727,55.68,0
2015-09-03 13:35:00,13.797,48.429,0
2015-09-03 13:40:00,16.204,52.744,0
2015-09-03 13:45:00,15.079,51.152,0
2015-09-03 13:50:00,16.986,51.287,0
2015-09-03 13:55:00,13.989,54.173,0
2015-09-03 14:00:00,13.139,52.4,0
2015-09-03 14:05:00,13.302,48.963,0
2015-09-03 14:10:00,13.052,56.046,0
2015-09-03 14:15:00,13.069,52.485,0
2015-09-03 14:20:00,12.901,55.475,0
2015-09-03 14:25:00,14.327,53.37,0
2015-09-03 14:30:00,14.106,50.257,0
2015-09-03 14:35:00,12.897,55.423,0
2015-09-03 14:40:00,14.01,54.239,0
2015-09-03 14:45:00,9.899,58.816,0
2015-09-03 14:50:00,13.296,57.714,0
2015-09-03 14:55:00,13.206,53.511,0
2015-09-03 15:00:00,14.664,50.318,0
2015-09-03 15:05:00,14.879,50.574,0
2015-09-03 15:10:00,15.364,52.991,0
2015-09-03 15:15:00,14.279,50.986,0
2015-09-03 15:20:00,13.312,53.953,0
2015-09-03 15:25:00,10.897,54.544,0
2015-09-03 15:30:00,14.718,49.481,0
2015-09-03 15:35:00,15.123,50.377,0
2015-09-03 15:40:00,13.844,50.553,0
2015-09-03 15:45:00,14.02,53.607,0
2015-09-03 15:50:00,14.834,54.615,0
2015-09-03 15:55:00,14.954,52.211,0
2015-09-03 16:00:00,11.698,57.535,0
2015-09-03 16:05:00,11.562,54.138,0
2015-09-03 16:10:00,14.179,53.417,0
2015-09-03 16:15:00,15.252,51.503,0
2015-09-03 16:20:00,10.938,55.058,0
2015-09-03 16:25:00,13.311,52.654,0
2015-09-03 16:30:00,14.862,51.386,0
2015-09-03 16:35:00,11.092,56.396,0
2015-09-03 16:40:00,11.389,58.58,0
2015-09-03 16:45:00,13.144,50.706,0
2015-09-03 16:50:00,14.096,57.348,0
2015-09-03 16:55:00,9.973,58.332,0
2015-09-03 17:00:00,13.079,53.926,0
2015-09-03 17:05:00,12.753,54.869,0
2015-09-03 17:10:00,11.246,58.139,0
2015-09-03 17:15:00,10.216,60.212,0
2015-09-03 17:20:00,13.762,50.554,0
2015-09-03 17:25:00,11.558,57.86,0
2015-09-03 17:30:00,10.697,55.513,0
2015-09-03 17:35:00,10.566,58.297,0
2015-09-03 17:40:00,10.035,56.447,0
2015-09-03 17:45:00,11.246,54.901,0
2015-09-03 17:50:00,9.119,54.654,0
2015-09-03 17:55:00,7.958,56.08,0
2015-09-03 18:00:00,9.421,31.098,1
2015-09-03 18:05:00,9.038,31.45,1
2015-09-03 18:10:00,9.795,36.146,1
2015-09-03 18:15:00,10.647,39.52,1
2015-09-03 18:20:00,10.841,29.734,1
2015-09-03 18:25:00,10.891,33.066,1
2015-09-03 18:30:00,8.047,35.614,1
2015-09-03 18:35:00,12.267,32.293,1
2015-09-03 18:40:00,10.624,34.678,1
2015-09-03 18:45:00,12.119,33.756,1
2015-09-03 18:50:00,8.17,62.243,0
2015-09-03 18:55:00,8.589,59.343,0
2015-09-03 19:00:00,6.798,58.73,0
2015-09-03 19:05:00,7.744,56.302,0
2015-09-03 19:10:00,5.925,60.154,0
2015-09-03 19:15:00,7.177,59.586,0
2015-09-03 19:20:00,8.567,57.061,0
2015-09-03 19:25:00,7.841,58.262,0
2015-09-03 19:30:00,6.55,60.291,0
2015-09-03 19:35:00,3.968,62.364,0
2015-09-03 19:40:00,5.686,58.739,0
2015-09-03 19:45:00,3.929,61.382,0
2015-09-03 19:50:00,3.816,64.115,0
2015-09-03 19:55:00,5.827,57.1,0
2015-09-03 20:00:00,5.152,62.616,0
2015-09-03 20:05:00,5.151,60.545,0
2015-09-03 20:10:00,5.348,60.663,0
2015-09-03 20:15:00,3.53,62.555,0
2015-09-03 20:20:00,4.933,67.221,0
2015-09-03 20:25:00,5.307,60.047,0
2015-09-03 20:30:00,6.801,59.227,0
2015-09-03 20:35:00,5.784,58.757,0
2015-09-03 20:40:00,7.421,57.694,0
2015-09-03 20:45:00,5.837,62.719,0
2015-09-03 20:50:00,4.909,61.336,0
2015-09-03 20:55:00,6.027,61.64,0
2015-09-03 21:00:00,3.812,62.742,0
2015-09-03 21:05:00,3.969,60.739,0
2015-09-03 21:10:00,4.327,64.321,0
2015-09-03 21:15:00,7.221,64.351,0
2015-09-03 21:20:00,5.051,59.519,0
2015-09-03 21:25:00,3.846,65.562,0
2015-09-03 21:30:00,3.09,62.431,0
2015-09-03 21:35:00,4.34,65.377,0
2015-09-03 21:40:00,3.747,64.644,0
2015-09-03 21:45:00,6.761,59.244,0
2015-09-03 21:50:00,5.65,57.555,0
2015-09-03 21:55:00,4.923,60.893,0
2015-09-03 22:00:00,1.678,65.237,0
2015-09-03 22:05:00,5.487,57.4,0
2015-09-03 22:10:00,3.185,61.475,0
2015-09-03 22:15:00,4.329,61.274,0
2015-09-03 22:20:00,3.769,60.404,0
2015-09-03 22:25:00,5.41,59.91,0
2015-09-03 22:30:00,4.871,60.914,0
2015-09-03 22:35:00,5.602,60.37,0
2015-09-03 22:40:00,6.126,60.386,0
2015-09-03 22:45:00,6.161,62.641,0
2015-09-03 22:50:00,3.105,64.894,0
2015-09-03 22:55:00,7.321,57.1,0
2015-09-03 23:00:00,4.961,60.573,0
2015-09-03 23:05:00,5.575,61.744,0
2015-09-03 23:10:00,4.132,64.7,0
2015-09-03 23:15:00,3.888,62.03,0
2015-09-03 23:20:00,6.332,63.892,0
2015-09-03 23:25:00,4.334,63.447,0
2015-09-03 23:30:00,5.287,57.813,0
2015-09-03 23:35:00,3.759,60.02,0
2015-09-03 23:40:00,4.346,61.038,0
2015-09-03 23:45:00,5.037,63.771,0
2015-09-03 23:50:00,5.549,66.034,0
2015-09-03 23:55:00,4.684,63.129,0
2015-09-04 00:00:00,5.539,63.751,0
2015-09-04 00:05:00,4.508,63.408,0
2015-09-04 00:10:00,7.118,57.796,0
2015-09-04 00:15:00,4.903,62.351,0
2015-09-04 00:20:00,4.435,60.036,0
2015-09-04 00:25:00,7.383,58.527,0
2015-09-04 00:30:00,7.254,58.092,0
2015-09-04 00:35:00,4.731,63.1,0
2015-09-04 00:40:00,4.732,59.707,0
2015-09-04 00:45:00,4.064,62.684,0
2015-09-04 00:50:00,4.134,62.249,0
2015-09-04 00:55:00,2.066,62.922,0
2015-09-04 01:00:00,4.766,60.447,0
2015-09-04 01:05:00,3.708,60.71,0
2015-09-04 01:10:00,5.092,64.137,0
2015-09-04 01:15:00,3.182,62.425,0
2015-09-04 01:20:00,6.27,60.712,0
2015-09-04 01:25:00,4.878,60.464,0
2015-09-04 01:30:00,5.017,61.031,0
2015-09-04 01:35:00,2.158,62.519,0
2015-09-04 01:40:00,2.466,66.24,0
2015-09-04 01:45:00,6.069,58.658,0
2015-09-04 01:50:00,6.046,65.153,0
2015-09-04 01:55:00,4.19,64.618,0
2015-09-04 02:00:00,5.471,60.329,0
2015-09-04 02:05:00,3.562,61.504,0
2015-09-04 02:10:00,4.487,57.106,0
2015-09-04 02:15:00,5.69,59.951,0
2015-09-04 02:20:00,5.597,59.844,0
2015-09-04 02:25:00,8.898,54.233,0
2015-09-04 02:30:00,3.787,63.813,0
2015-09-04 02:35:00,8.066,56.352,0
2015-09-04 02:40:00,7.378,57.157,0
2015-09-04 02:45:00,6.681,59.803,0
2015-09-04 02:50:00,7.899,62.06,0
2015-09-04 02:55:00,4.158,67.921,0
2015-09-04 03:00:00,3.539,62.011,0
2015-09-04 03:05:00,7.351,57.547,0
2015-09-04 03:10:00,4.167,62.303,0
2015-09-04 03:15:00,5.589,61.465,0
2015-09-04 03:20:00,4.031,62.564,0
2015-09-04 03:25:00,5.83,63.47,0
2015-09-04 03:30:00,5.428,58.337,0
2015-09-04 03:35:00,5.039,59.972,0
2015-09-04 03:40:00,6.717,56.268,0
2015-09-04 03:45:00,5.731,58.425,0
2015-09-04 03:50:00,6.658,61.218,0
2015-09-04 03:55:00,5.29,61.984,0
2015-09-04 04:00:00,4.569,63.011,0
2015-09-04 04:05:00,4.944,62.766,0
2015-09-04 04:10:00,5.087,56.205,0
2015-09-04 04:15:00,4.346,64.906,0
2015-09-04 04:20:00,6.905,59.649,0
2015-09-04 04:25:00,4.858,60.715,0
2015-09-04 04:30:00,5.847,61.604,0
2015-09-04 04:35:00,3.761,63.75,0
2015-09-04 04:40:00,6.645,57.778,0
2015-09-04 04:45:00,4.809,62.359,0
2015-09-04 04:50:00,6.003,59.456,0
2015-09-04 04:55:00,4.39,60.902,0
2015-09-04 05:00:00,5.595,61.543,0
2015-09-04 05:05:00,5.089,58.437,0
2015-09-04 05:10:00,3.721,63.739,0
2015-09-04 05:15:00,3.578,63.053,0
2015-09-04 05:20:00,4.729,60.303,0
2015-09-04 05:25:00,5.27,64.346,0
2015-09-04 05:30:00,5.654,60.037,0
2015-09-04 05:35:00,3.413,63.782,0
2015-09-04 05:40:00,6.863,60.695,0
2015-09-04 05:45:00,6.966,60.336,0
2015-09-04 05:50:00,3.829,62.273,0
2015-09-04 05:55:00,6.288,61.469,0
2015-09-04 06:00:00,5.056,61.07,0
2015-09-04 06:05:00,6.515,62.353,0
2015-09-04 06:10:00,7.699,59.979,0
2015-09-04 06:15:00,7.27,57.043,0
2015-09-04 06:20:00,5.699,60.403,0
2015-09-04 06:25:00,8.869,58.365,0
2015-09-04 06:30:00,8.641,54.788,0
2015-09-04 06:35:00,6.419,62.142,0
2015-09-04 06:40:00,8.692,55.116,0
2015-09-04 06:45:00,10.31,56.721,0
2015-09-04 06:50:00,13.436,55.736,0
2015-09-04 06:55:00,10.493,55.729,0
2015-09-04 07:00:00,10.794,55.54,0
2015-09-04 07:05:00,9.076,59.233,0
2015-09-04 07:10:00,11.761,49.317,0
2015-09-04 07:15:00,11.036,53.858,0
2015-09-04 07:20:00,13.595,52.997,0
2015-09-04 07:25:00,14.707,48.845,0
2015-09-04 07:30:00,11.824,56.902,0
2015-09-04 07:35:00,12.81,51.713,0
2015-09-04 07:40:00,13.407,51.744,0
2015-09-04 07:45:00,15.209,53.788,0
2015-09-04 07:50:00,12.845,53.216,0
2015-09-04 07:55:00,15.309,51.621,0
2015-09-04 08:00:00,16.735,50.341,0
2015-09-04 08:05:00,15.238,49.3,0
2015-09-04 08:10:00,13.935,52.02,0
2015-09-04 08:15:00,16.615,52.06,0
2015-09-04 08:20:00,16.367,55.099,0
2015-09-04 08:25:00,16.992,48.891,0
2015-09-04 08:30:00,17.791,47.157,0
2015-09-04 08:35:00,17.744,45.015,0
2015-09-04 08:40:00,18.498,48.56,0
2015-09-04 08:45:00,18.011,49.199,0
2015-09-04 08:50:00,16.172,48.839,0
2015-09-04 08:55:00,19.928,48.057,0
2015-09-04 09:00:00,17.154,50.546,0
2015-09-04 09:05:00,18.476,52.357,0
2015-09-04 09:10:00,19.382,48.409,0
2015-09-04 09:15:00,17.329,53.105,0
2015-09-04 09:20:00,17.737,47.409,0
2015-09-04 09:25:00,16.224,48.862,0
2015-09-04 09:30:00,17.266,51.128,0
2015-09-04 09:35:00,18.845,50.399,0
2015-09-04 09:40:00,17.767,50.784,0
2015-09-04 09:45:00,20.41,48.431,0
2015-09-04 09:50:00,19.457,44.494,0
2015-09-04 09:55:00,16.308,49.005,0
2015-09-04 10:00:00,13.691,53.141,0
2015-09-04 10:05:00,18.882,46.991,0
2015-09-04 10:10:00,17.23,47.924,0
2015-09-04 10:15:00,16.244,51.139,0
2015-09-04 10:20:00,15.241,53.869,0
2015-09-04 10:25:00,14.22,53.136,0
2015-09-04 10:30:00,16.0,53.778,0
2015-09-04 10:35:00,17.56,45.149,0
2015-09-04 10:40:00,13.359,51.307,0
2015-09-04 10:45:00,15.799,50.613,0
2015-09-04 10:50:00,16.442,51.727,0
2015-09-04 10:55:00,14.584,48.544,0
2015-09-04 11:00:00,16.651,49.46,0
2015-09-04 11:05:00,16.156,49.368,0
2015-09-04 11:10:00,16.038,53.737,0
2015-09-04 11:15:00,14.129,50.127,0
2015-09-04 11:20:00,17.053,52.935,0
2015-09-04 11:25:00,15.934,48.338,0
2015-09-04 11:30:00,13.584,53.616,0
2015-09-04 11:35:00,14.547,56.532,0
2015-09-04 11:40:00,19.201,48.212,0
2015-09-04 11:45:00,16.774,49.828,0
2015-09-04 11:50:00,17.613,49.261,0
2015-09-04 11:55:00,16.196,53.334,0
2015-09-04 12:00:00,16.911,54.197,0
2015-09-04 12:05:00,13.95,51.636,0
2015-09-04 12:10:00,14.882,53.546,0
2015-09-04 12:15:00,15.391,52.583,0
2015-09-04 12:20:00,14.486,52.049,0
2015-09-04 12:25:00,18.962,51.263,0
2015-09-04 12:30:00,13.5,53.904,0
2015-09-04 12:35:00,16.979,48.883,0
2015-09-04 12:40:00,14.431,53.614,0
2015-09-04 12:45:00,15.951,51.952,0
2015-09-04 12:50:00,15.566,55.875,0
2015-09-04 12:55:00,14.531,51.204,0
2015-09-04 13:00:00,16.332,51.948,0
2015-09-04 13:05:00,13.811,55.474,0
2015-09-04 13:10:00,13.644,53.051,0
2015-09-04 13:15:00,15.074,50.265,0
2015-09-04 13:20:00,16.876,45.274,0
2015-09-04 13:25:00,14.38,50.534,0
2015-09-04 13:30:00,16.391,53.529,0
2015-09-04 13:35:00,16.183,53.416,0
2015-09-04 13:40:00,12.203,54.735,0
2015-09-04 13:45:00,13.214,52.697,0
2015-09-04 13:50:00,15.246,51.706,0
2015-09-04 13:55:00,16.631,46.244,0
2015-09-04 14:00:00,13.669,50.053,0
2015-09-04 14:05:00,12.538,56.1,0
2015-09-04 14:10:00,14.819,55.035,0
2015-09-04 14:15:00,16.036,50.902,0
2015-09-04 14:20:00,13.15,55.491,0
2015-09-04 14:25:00,13.427,50.846,0
2015-09-04 14:30:00,12.748,54.133,0
2015-09-04 14:35:00,15.808,51.087,0
2015-09-04 14:40:00,15.677,51.29,0
2015-09-04 14:45:00,13.456,58.659,0
2015-09-04 14:50:00,16.306,50.904,0
2015-09-04 14:55:00,12.788,50.633,0
2015-09-04 15:00:00,14.327,51.878,0
2015-09-04 15:05:00,14.352,53.012,0
2015-09-04 15:10:00,14.255,54.742,0
2015-09-04 15:15:00,14.043,51.212,0
2015-09-04 15:20:00,12.584,55.211,0
2015-09-04 15:25:00,12.147,55.897,0
2015-09-04 15:30:00,14.427,52.206,0
2015-09-04 15:35:00,12.444,50.625,0
2015-09-04 15:40:00,11.963,51.383,0
2015-09-04 15:45:00,13.425,52.362,0
2015-09-04 15:50:00,12.16,56.193,0
2015-09-04 15:55:00,13.493,53.277,0
2015-09-04 16:00:00,14.017,54.756,0
2015-09-04 16:05:00,11.174,56.798,0
2015-09-04 16:10:00,10.869,54.085,0
2015-09-04 16:15:00,14.496,53.611,0
2015-09-04 16:20:00,14.0,53.064,0
2015-09-04 16:25:00,14.921,48.743,0
2015-09-04 16:30:00,12.629,54.097,0
2015-09-04 16:35:00,15.604,53.229,0
2015-09-04 16:40:00,14.231,50.958,0
2015-09-04 16:45:00,15.718,52.012,0
2015-09-04 16:50:00,11.385,59.875,0
2015-09-04 16:55:00,10.724,54.075,0
2015-09-04 17:00:00,12.146,52.501,0
2015-09-04 17:05:00,12.992,54.211,0
2015-09-04 17:10:00,12.294,58.108,0
2015-09-04 17:15:00,9.846,59.379,0
2015-09-04 17:20:00,10.704,58.755,0
2015-09-04 17:25:00,14.042,57.264,0
2015-09-04 17:30:00,11.088,53.14,0
2015-09-04 17:35:00,11.515,54.954,0
2015-09-04 17:40:00,8.533,59.365,0
2015-09-04 17:45:00,9.344,60.007,0
2015-09-04 17:50:00,11.5,54.512,0
2015-09-04 17:55:00,9.979,56.035,0
2015-09-04 18:00:00,9.009,63.639,0
2015-09-04 18:05:00,8.283,58.242,0
2015-09-04 18:10:00,10.674,55.091,0
2015-09-04 18:15:00,8.44,55.324,0
2015-09-04 18:20:00,10.669,57.289,0
2015-09-04 18:25:00,9.583,53.879,0
2015-09-04 18:30:00,9.471,57.573,0
2015-09-04 18:35:00,8.215,55.443,0
2015-09-04 18:40:00,8.413,56.266,0
2015-09-04 18:45:00,8.42,58.128,0
2015-09-04 18:50:00,7.702,60.447,0
2015-09-04 18:55:00,7.881,59.571,0
2015-09-04 19:00:00,8.336,60.097,0
2015-09-04 19:05:00,6.365,59.263,0
2015-09-04 19:10:00,8.645,58.094,0
2015-09-04 19:15:00,8.742,59.185,0
2015-09-04 19:20:00,6.537,61.551,0
2015-09-04 19:25:00,6.621,61.623,0
2015-09-04 19:30:00,9.213,59.431,0
2015-09-04 19:35:00,9.632,53.746,0
2015-09-04 19:40:00,5.802,59.955,0
2015-09-04 19:45:00,5.862,61.176,0
2015-09-04 19:50:00,5.778,62.723,0
2015-09-04 19:55:00,7.418,59.78,0
2015-09-04 20:00:00,4.711,62.619,0
2015-09-04 20:05:00,6.8,60.247,0
2015-09-04 20:10:00,5.867,63.227,0
2015-09-04 20:15:00,5.027,60.491,0
2015-09-04 20:20:00,6.526,60.862,0
2015-09-04 20:25:00,6.693,59.074,0
2015-09-04 20:30:00,3.807,59.908,0
2015-09-04 20:35:00,4.893,62.937,0
2015-09-04 20:40:00,6.429,56.26,0
2015-09-04 20:45:00,6.044,60.084,0
2015-09-04 20:50:00,3.95,66.629,0
2015-09-04 20:55:00,5.608,62.327,0
2015-09-04 21:00:00,8.567,56.699,0
2015-09-04 21:05:00,4.682,64.53,0
2015-09-04 21:10:00,3.47,62.851,0
2015-09-04 21:15:00,5.206,62.995,0
2015-09-04 21:20:00,5.651,58.805,0
2015-09-04 21:25:00,6.37,61.639,0
2015-09-04 21:30:00,3.723,61.087,0
2015-09-04 21:35:00,4.392,59.529,0
2015-09-04 21:40:00,6.448,59.227,0
2015-09-04 21:45:00,4.692,59.467,0
2015-09-04 21:50:00,4.532,64.665,0
2015-09-04 21:55:00,6.01,57.056,0
2015-09-04 22:00:00,3.744,63.714,0
2015-09-04 22:05:00,4.378,60.734,0
2015-09-04 22:10:00,3.903,59.63,0
2015-09-04 22:15:00,5.141,60.355,0
2015-09-04 22:20:00,6.497,59.695,0
2015-09-04 22:25:00,3.757,63.819,0
2015-09-04 22:30:00,6.759,58.107,0
2015-09-04 22:35:00,2.794,62.387,0
2015-09-04 22:40:00,3.251,66.194,0
2015-09-04 22:45:00,3.201,62.304,0
2015-09-04 22:50:00,6.92,61.169,0
2015-09-04 22:55:00,4.335,60.315,0
2015-09-04 23:00:00,4.767,60.991,0
2015-09-04 23:05:00,6.947,59.091,0
2015-09-04 23:10:00,3.247,64.887,0
2015-09-04 23:15:00,6.349,59.515,0
2015-09-04 23:20:00,6.005,60.398,0
2015-09-04 23:25:00,3.432,62.578,0
2015-09-04 23:30:00,3.513,61.395,0
2015-09-04 23:35:00,3.78,63.075,0
2015-09-04 23:40:00,5.243,58.38,0
2015-09-04 23:45:00,3.804,62.38,0
2015-09-04 23:50:00,5.604,60.821,0
2015-09-04 23:55:00,2.131,66.549,0
2015-09-05 00:00:00,6.404,63.084,0
2015-09-05 00:05:00,4.807,62.777,0
2015-09-05 00:10:00,3.25,63.29,0
2015-09-05 00:15:00,2.63,63.745,0
2015-09-05 00:20:00,2.241,65.041,0
2015-09-05 00:25:00,3.639,64.077,0
2015-09-05 00:30:00,4.337,60.96,0
2015-09-05 00:35:00,5.196,58.717,0
2015-09-05 00:40:00,3.756,61.357,0
2015-09-05 00:45:00,5.067,61.035,0
2015-09-05 00:50:00,4.451,62.822,0
2015-09-05 00:55:00,1.05,63.15,0
2015-09-05 01:00:00,4.251,63.987,0
2015-09-05 01:05:00,4.844,64.019,0
2015-09-05 01:10:00,3.812,62.58,0
2015-09-05 01:15:00,3.45,61.851,0
2015-09-05 01:20:00,3.02,62.044,0
2015-09-05 01:25:00,3.852,61.037,0
2015-09-05 01:30:00,4.135,58.435,0
2015-09-05 01:35:00,4.656,61.931,0
2015-09-05 01:40:00,4.68,60.627,0
2015-09-05 01:45:00,3.439,64.697,0
2015-09-05 01:50:00,3.899,66.269,0
2015-09-05 01:55:00,2.272,63.347,0
2015-09-05 02:00:00,2.634,61.924,0
2015-09-05 02:05:00,3.073,62.119,0
2015-09-05 02:10:00,5.118,58.85,0
2015-09-05 02:15:00,4.893,58.47,0
2015-09-05 02:20:00,3.573,65.245,0
2015-09-05 02:25:00,4.701,62.079,0
2015-09-05 02:30:00,4.919,62.479,0
2015-09-05 02:35:00,4.916,64.137,0
2015-09-05 02:40:00,2.75,63.246,0
2015-09-05 02:45:00,4.929,62.817,0
2015-09-05 02:50:00,4.826,64.029,0
2015-09-05 02:55:00,3.449,60.024,0
2015-09-05 03:00:00,5.754,60.532,0
2015-09-05 03:05:00,3.387,62.854,0
2015-09-05 03:10:00,3.538,64.651,0
2015-09-05 03:15:00,5.258,61.629,0
2015-09-05 03:20:00,4.804,61.502,0
2015-09-05 03:25:00,5.435,56.11,0
2015-09-05 03:30:00,2.582,63.467,0
2015-09-05 03:35:00,3.564,60.713,0
2015-09-05 03:40:00,4.908,59.381,0
2015-09-05 03:45:00,4.385,62.083,0
2015-09-05 03:50:00,4.178,60.372,0
2015-09-05 03:55:00,3.853,64.793,0
2015-09-05 04:00:00,4.812,63.354,0
2015-09-05 04:05:00,4.003,58.793,0
2015-09-05 04:10:00,3.502,62.371,0
2015-09-05 04:15:00,5.803,62.759,0
2015-09-05 04:20:00,4.666,59.854,0
2015-09-05 04:25:00,4.285,61.406,0
2015-09-05 04:30:00,3.806,59.918,0
2015-09-05 04:35:00,4.731,61.446,0
2015-09-05 04:40:00,5.18,58.156,0
2015-09-05 04:45:00,2.677,70.749,0
2015-09-05 04:50:00,3.008,63.718,0
2015-09-05 04:55:00,4.733,59.54,0
2015-09-05 05:00:00,6.423,59.767,0
2015-09-05 05:05:00,4.388,65.468,0
2015-09-05 05:10:00,3.185,61.999,0
2015-09-05 05:15:00,3.787,59.657,0
2015-09-05 05:20:00,4.621,62.556,0
2015-09-05 05:25:00,4.531,63.007,0
2015-09-05 05:30:00,5.454,61.496,0
2015-09-05 05:35:00,4.056,64.588,0
2015-09-05 05:40:00,3.51,65.458,0
2015-09-05 05:45:00,4.218,63.522,0
2015-09-05 05:50:00,6.904,54.912,0
2015-09-05 05:55:00,4.347,61.063,0
2015-09-05 06:00:00,6.891,58.64,0
2015-09-05 06:05:00,8.5,54.869,0
2015-09-05 06:10:00,5.696,59.816,0
2015-09-05 06:15:00,6.196,58.984,0
2015-09-05 06:20:00,5.26,57.357,0
2015-09-05 06:25:00,6.303,57.016,0
2015-09-05 06:30:00,4.785,61.628,0
2015-09-05 06:35:00,6.664,61.723,0
2015-09-05 06:40:00,5.405,61.707,0
2015-09-05 06:45:00,7.933,57.858,0
2015-09-05 06:50:00,6.827,59.356,0
2015-09-05 06:55:00,9.384,56.338,0
2015-09-05 07:00:00,9.705,56.233,0
2015-09-05 07:05:00,11.218,55.396,0
2015-09-05 07:10:00,9.123,54.111,0
2015-09-05 07:15:00,7.872,59.284,0
2015-09-05 07:20:00,9.807,57.246,0
2015-09-05 07:25:00,9.584,56.594,0
2015-09-05 07:30:00,10.031,57.061,0
2015-09-05 07:35:00,10.919,59.356,0
2015-09-05 07:40:00,10.661,58.11,0
2015-09-05 07:45:00,10.526,55.07,0
2015-09-05 07:50:00,11.131,57.945,0
2015-09-05 07:55:00,13.106,53.823,0
2015-09-05 08:00:00,13.14,51.349,0
2015-09-05 08:05:00,14.937,54.589,0
2015-09-05 08:10:00,13.327,53.366,0
2015-09-05 08:15:00,14.452,51.92,0
2015-09-05 08:20:00,13.563,52.129,0
2015-09-05 08:25:00,13.565,52.161,0
2015-09-05 08:30:00,15.132,50.968,0
2015-09-05 08:35:00,13.77,51.665,0
2015-09-05 08:40:00,12.498,57.247,0
2015-09-05 08:45:00,15.206,53.287,0
2015-09-05 08:50:00,13.93,55.681,0
2015-09-05 08:55:00,14.86,54.788,0
2015-09-05 09:00:00,14.686,51.959,0
2015-09-05 09:05:00,14.029,52.827,0
2015-09-05 09:10:00,15.002,54.733,0
2015-09-05 09:15:00,16.69,50.324,0
2015-09-05 09:20:00,16.238,45.139,0
2015-09-05 09:25:00,13.993,53.206,0
2015-09-05 09:30:00,15.7,51.932,0
2015-09-05 09:35:00,14.407,51.391,0
2015-09-05 09:40:00,13.366,57.106,0
2015-09-05 09:45:00,15.787,53.618,0
2015-09-05 09:50:00,14.26,51.384,0
2015-09-05 09:55:00,14.885,51.81,0
2015-09-05 10:00:00,13.914,52.732,0
2015-09-05 10:05:00,13.176,51.74,0
2015-09-05 10:10:00,13.605,50.304,0
2015-09-05 10:15:00,14.622,53.786,0
2015-09-05 10:20:00,12.772,50.212,0
2015-09-05 10:25:00,14.217,52.97,0
2015-09-05 10:30:00,13.671,50.344,0
2015-09-05 10:35:00,11.094,58.884,0
2015-09-05 10:40:00,13.255,54.417,0
2015-09-05 10:45:00,13.399,54.098,0
2015-09-05 10:50:00,11.789,53.909,0
2015-09-05 10:55:00,11.653,52.755,0
2015-09-05 11:00:00,12.463,50.547,0
2015-09-05 11:05:00,12.759,52.458,0
2015-09-05 11:10:00,11.793,54.531,0
2015-09-05 11:15:00,13.301,51.69,0
2015-09-05 11:20:00,15.915,52.317,0
2015-09-05 11:25:00,14.743,51.337,0
2015-09-05 11:30:00,14.434,53.819,0
2015-09-05 11:35:00,11.936,53.296,0
2015-09-05 11:40:00,17.039,48.991,0
2015-09-05 11:45:00,13.87,52.394,0
2015-09-05 11:50:00,14.307,50.42,0
2015-09-05 11:55:00,11.906,56.958,0
2015-09-05 12:00:00,13.458,48.26,0
2015-09-05 12:05:00,13.214,53.082,0
2015-09-05 12:10:00,14.091,53.256,0
2015-09-05 12:15:00,13.592,53.263,0
2015-09-05 12:20:00,13.503,50.867,0
2015-09-05 12:25:00,12.041,52.856,0
2015-09-05 12:30:00,11.329,56.814,0
2015-09-05 12:35:00,14.443,53.507,0
2015-09-05 12:40:00,12.227,53.31,0
2015-09-05 12:45:00,12.4,56.446,0
2015-09-05 12:50:00,13.617,56.542,0
2015-09-05 12:55:00,11.629,54.501,0
2015-09-05 13:00:00,11.205,52.521,0
2015-09-05 13:05:00,12.593,53.366,0
2015-09-05 13:10:00,26.312,33.884,1
2015-09-05 13:15:00,26.303,35.324,1
2015-09-05 13:20:00,25.816,40.561,1
2015-09-05 13:25:00,27.571,30.379,1
2015-09-05 13:30:00,24.127,38.641,1
2015-09-05 13:35:00,27.732,34.063,1
2015-09-05 13:40:00,26.756,36.836,1
2015-09-05 13:45:00,27.773,36.023,1
2015-09-05 13:50:00,23.508,38.013,1
2015-09-05 13:55:00,26.749,37.031,1
2015-09-05 14:00:00,25.581,35.262,1
2015-09-05 14:05:00,12.663,52.834,0
2015-09-05 14:10:00,10.7,56.182,0
2015-09-05 14:15:00,13.653,56.774,0
2015-09-05 14:20:00,12.848,51.814,0
2015-09-05 14:25:00,13.578,51.409,0
2015-09-05 14:30:00,10.678,56.711,0
2015-09-05 14:35:00,9.819,58.275,0
2015-09-05 14:40:00,11.48,55.892,0
2015-09-05 14:45:00,10.418,57.796,0
2015-09-05 14:50:00,12.096,53.782,0
2015-09-05 14:55:00,12.602,48.707,0
2015-09-05 15:00:00,11.791,54.583,0
2015-09-05 15:05:00,10.237,56.629,0
2015-09-05 15:10:00,11.874,53.246,0
2015-09-05 15:15:00,11.025,55.443,0
2015-09-05 15:20:00,11.651,57.385,0
2015-09-05 15:25:00,10.5,58.659,0
2015-09-05 15:30:00,9.374,57.697,0
2015-09-05 15:35:00,8.802,57.782,0
2015-09-05 15:40:00,11.947,58.697,0
2015-09-05 15:45:00,11.044,54.012,0
2015-09-05 15:50:00,12.287,54.409,0
2015-09-05 15:55:00,11.054,57.333,0
2015-09-05 16:00:00,12.32,50.832,0
2015-09-05 16:05:00,10.938,55.576,0
2015-09-05 16:10:00,9.451,53.774,0
2015-09-05 16:15:00,10.721,54.887,0
2015-09-05 16:20:00,9.829,56.388,0
2015-09-05 16:25:00,10.273,56.276,0
2015-09-05 16:30:00,12.731,53.845,0
2015-09-05 16:35:00,13.07,56.071,0
2015-09-05 16:40:00,11.821,53.314,0
2015-09-05 16:45:00,10.109,54.557,0
2015-09-05 16:50:00,10.948,55.465,0
2015-09-05 16:55:00,10.889,56.261,0
2015-09-05 17:00:00,10.427,55.38,0
2015-09-05 17:05:00,8.826,56.732,0
2015-09-05 17:10:00,10.892,55.325,0
2015-09-05 17:15:00,9.737,58.485,0
2015-09-05 17:20:00,10.29,53.275,0
2015-09-05 17:25:00,9.379,55.348,0
2015-09-05 17:30:00,9.225,58.017,0
2015-09-05 17:35:00,9.755,60.06,0
2015-09-05 17:40:00,8.225,57.596,0
2015-09-05 17:45:00,9.392,59.002,0
2015-09-05 17:50:00,7.061,60.666,0
2015-09-05 17:55:00,9.009,57.141,0
2015-09-05 18:00:00,7.509,60.332,0
2015-09-05 18:05:00,8.346,58.873,0
2015-09-05 18:10:00,6.744,56.148,0
2015-09-05 18:15:00,7.469,58.363,0
2015-09-05 18:20:00,8.073,56.801,0
2015-09-05 18:25:00,8.182,59.047,0
2015-09-05 18:30:00,6.267,61.936,0
2015-09-05 18:35:00,6.651,58.289,0
2015-09-05 18:40:00,7.285,59.05,0
2015-09-05 18:45:00,5.642,61.88,0
2015-09-05 18:50:00,6.664,58.152,0
2015-09-05 18:55:00,4.253,62.813,0
2015-09-05 19:00:00,6.518,60.047,0
2015-09-05 19:05:00,8.037,53.384,0
2015-09-05 19:10:00,7.756,61.359,0
2015-09-05 19:15:00,4.694,63.57,0
2015-09-05 19:20:00,4.779,59.375,0
2015-09-05 19:25:00,5.572,64.362,0
2015-09-05 19:30:00,6.048,60.354,0
2015-09-05 19:35:00,6.609,58.476,0
2015-09-05 19:40:00,7.289,62.216,0
2015-09-05 19:45:00,5.791,58.922,0
2015-09-05 19:50:00,6.524,60.392,0
2015-09-05 19:55:00,5.87,62.697,0
2015-09-05 20:00:00,5.51,58.961,0
2015-09-05 20:05:00,6.795,60.103,0
2015-09-05 20:10:00,5.201,62.29,0
2015-09-05 20:15:00,5.112,62.64,0
2015-09-05 20:20:00,4.897,60.993,0
2015-09-05 20:25:00,3.864,61.307,0
2015-09-05 20:30:00,4.149,64.037,0
2015-09-05 20:35:00,4.035,61.944,0
2015-09-05 20:40:00,4.296,62.986,0
2015-09-05 20:45:00,5.23,64.98,0
2015-09-05 20:50:00,2.539,63.132,0
2015-09-05 20:55:00,5.062,57.821,0
2015-09-05 21:00:00,6.552,59.544,0
2015-09-05 21:05:00,3.23,64.873,0
2015-09-05 21:10:00,1.382,65.112,0
2015-09-05 21:15:00,2.931,63.186,0
2015-09-05 21:20:00,4.688,63.131,0
2015-09-05 21:25:00,4.722,65.687,0
2015-09-05 21:30:00,4.254,61.275,0
2015-09-05 21:35:00,5.756,60.401,0
2015-09-05 21:40:00,4.696,53.664,0
2015-09-05 21:45:00,4.733,61.354,0
2015-09-05 21:50:00,3.571,61.294,0
2015-09-05 21:55:00,5.305,56.877,0
2015-09-05 22:00:00,8.219,60.5,0
2015-09-05 22:05:00,4.602,65.429,0
2015-09-05 22:10:00,4.474,59.959,0
2015-09-05 22:15:00,5.449,57.551,0
2015-09-05 22:20:00,4.892,63.749,0
2015-09-05 22:25:00,4.805,58.533,0
2015-09-05 22:30:00,4.374,61.598,0
2015-09-05 22:35:00,3.141,58.392,0
2015-09-05 22:40:00,2.564,62.563,0
2015-09-05 22:45:00,5.567,66.217,0
2015-09-05 22:50:00,5.217,59.467,0
2015-09-05 22:55:00,3.555,64.787,0
2015-09-05 23:00:00,4.9,62.127,0
2015-09-05 23:05:00,4.411,64.208,0
2015-09-05 23:10:00,7.008,59.362,0
2015-09-05 23:15:00,4.307,62.917,0
2015-09-05 23:20:00,3.5,58.29,0
2015-09-05 23:25:00,4.742,60.027,0
2015-09-05 23:30:00,5.812,60.843,0
2015-09-05 23:35:00,6.047,58.54,0
2015-09-05 23:40:00,5.571,57.444,0
2015-09-05 23:45:00,5.319,60.472,0
2015-09-05 23:50:00,5.319,60.231,0
2015-09-05 23:55:00,4.987,62.267,0
2015-09-06 00:00:00,4.598,62.517,0
2015-09-06 00:05:00,6.285,58.907,0
2015-09-06 00:10:00,5.924,59.664,0
2015-09-06 00:15:00,5.669,65.294,0
2015-09-06 00:20:00,3.062,58.779,0
2015-09-06 00:25:00,4.313,60.519,0
2015-09-06 00:30:00,3.416,62.097,0
2015-09-06 00:35:00,3.406,65.626,0
2015-09-06 00:40:00,5.563,63.033,0
2015-09-06 00:45:00,7.106,57.708,0
2015-09-06 00:50:00,0.854,69.236,0
2015-09-06 00:55:00,4.426,61.684,0
2015-09-06 01:00:00,1.756,61.628,0
2015-09-06 01:05:00,4.999,60.964,0
2015-09-06 01:10:00,1.301,62.883,0
2015-09-06 01:15:00,5.464,63.367,0
2015-09-06 01:20:00,4.378,67.509,0
2015-09-06 01:25:00,5.435,64.458,0
2015-09-06 01:30:00,5.833,62.121,0
2015-09-06 01:35:00,2.359,60.558,0
2015-09-06 01:40:00,3.136,63.537,0
2015-09-06 01:45:00,4.101,62.853,0
2015-09-06 01:50:00,4.074,63.085,0
2015-09-06 01:55:00,5.384,60.901,0
2015-09-06 02:00:00,3.726,57.218,0
2015-09-06 02:05:00,5.234,59.481,0
2015-09-06 02:10:00,2.918,64.963,0
2015-09-06 02:15:00,5.294,62.331,0
2015-09-06 02:20:00,5.339,58.74,0
2015-09-06 02:25:00,3.802,61.288,0
2015-09-06 02:30:00,6.349,61.696,0
2015-09-06 02:35:00,3.783,64.089,0
2015-09-06 02:40:00,4.587,61.407,0
2015-09-06 02:45:00,4.707,63.23,0
2015-09-06 02:50:00,3.915,59.779,0
2015-09-06 02:55:00,4.561,61.139,0
2015-09-06 03:00:00,2.611,61.983,0
2015-09-06 03:05:00,3.776,62.467,0
2015-09-06 03:10:00,4.831,60.986,0
2015-09-06 03:15:00,4.685,60.802,0
2015-09-06 03:20:00,4.81,62.237,0
2015-09-06 03:25:00,4.841,64.276,0
2015-09-06 03:30:00,3.733,59.267,0
2015-09-06 03:35:00,4.0,63.819,0
2015-09-06 03:40:00,4.134,62.709,0
2015-09-06 03:45:00,1.863,62.562,0
2015-09-06 03:50:00,4.804,62.992,0
2015-09-06 03:55:00,3.129,63.762,0
2015-09-06 04:00:00,3.181,60.673,0
2015-09-06 04:05:00,4.199,62.445,0
2015-09-06 04:10:00,4.624,63.067,0
2015-09-06 04:15:00,6.291,61.921,0
2015-09-06 04:20:00,3.645,64.417,0
2015-09-06 04:25:00,2.21,64.102,0
2015-09-06 04:30:00,5.492,62.141,0
2015-09-06 04:35:00,5.204,64.876,0
2015-09-06 04:40:00,3.171,64.577,0
2015-09-06 04:45:00,4.021,64.409,0
2015-09-06 04:50:00,4.305,63.475,0
2015-09-06 04:55:00,6.174,61.396,0
2015-09-06 05:00:00,3.905,61.555,0
2015-09-06 05:05:00,3.292,64.949,0
2015-09-06 05:10:00,5.919,59.888,0
2015-09-06 05:15:00,1.884,62.944,0
2015-09-06 05:20:00,4.826,59.521,0
2015-09-06 05:25:00,1.747,63.451,0
2015-09-06 05:30:00,1.676,65.058,0
2015-09-06 05:35:00,3.848,62.465,0
2015-09-06 05:40:00,6.102,58.387,0
2015-09-06 05:45:00,1.677,64.35,0
2015-09-06 05:50:00,5.139,58.259,0
2015-09-06 05:55:00,4.117,61.394,0
2015-09-06 06:00:00,4.708,60.296,0
2015-09-06 06:05:00,8.415,57.481,0
2015-09-06 06:10:00,5.484,59.821,0
2015-09-06 06:15:00,2.103,66.764,0
2015-09-06 06:20:00,1.743,67.058,0
2015-09-06 06:25:00,4.445,59.06,0
2015-09-06 06:30:00,6.346,64.363,0
2015-09-06 06:35:00,7.237,58.742,0
2015-09-06 06:40:00,6.166,61.444,0
2015-09-06 06:45:00,7.033,60.746,0
2015-09-06 06:50:00,5.319,62.004,0
2015-09-06 06:55:00,8.648,55.064,0
2015-09-06 07:00:00,7.261,58.807,0
2015-09-06 07:05:00,8.344,58.653,0
2015-09-06 07:10:00,7.486,57.119,0
2015-09-06 07:15:00,12.475,52.464,0
2015-09-06 07:20:00,9.548,56.575,0
2015-09-06 07:25:00,10.112,58.807,0
2015-09-06 07:30:00,10.098,58.116,0
2015-09-06 07:35:00,10.091,57.96,0
2015-09-06 07:40:00,11.277,54.938,0
2015-09-06 07:45:00,11.781,55.908,0
2015-09-06 07:50:00,10.673,53.92,0
2015-09-06 07:55:00,15.187,52.586,0
2015-09-06 08:00:00,12.366,55.537,0
2015-09-06 08:05:00,13.035,49.114,0
2015-09-06 08:10:00,13.581,52.854,0
2015-09-06 08:15:00,14.062,51.091,0
2015-09-06 08:20:00,13.537,55.424,0
2015-09-06 08:25:00,13.819,52.014,0
2015-09-06 08:30:00,14.658,51.287,0
2015-09-06 08:35:00,15.715,50.721,0
2015-09-06 08:40:00,14.92,50.418,0
2015-09-06 08:45:00,12.922,55.162,0
2015-09-06 08:50:00,14.959,53.063,0
2015-09-06 08:55:00,15.629,48.214,0
2015-09-06 09:00:00,14.859,47.873,0
2015-09-06 09:05:00,15.39,49.208,0
2015-09-06 09:10:00,15.317,52.9,0
2015-09-06 09:15:00,13.987,52.666,0
2015-09-06 09:20:00,16.242,47.262,0
2015-09-06 09:25:00,15.442,51.567,0
2015-09-06 09:30:00,15.779,47.706,0
2015-09-06 09:35:00,14.484,54.449,0
2015-09-06 09:40:00,16.173,49.097,0
2015-09-06 09:45:00,13.964,56.417,0
2015-09-06 09:50:00,12.401,54.128,0
2015-09-06 09:55:00,14.394,52.675,0
2015-09-06 10:00:00,12.866,55.706,0
2015-09-06 10:05:00,15.154,55.236,0
2015-09-06 10:10:00,12.889,52.792,0
2015-09-06 10:15:00,15.27,55.124,0
2015-09-06 10:20:00,13.76,49.872,0
2015-09-06 10:25:00,13.425,55.176,0
2015-09-06 10:30:00,14.525,54.427,0
2015-09-06 10:35:00,16.09,49.852,0
2015-09-06 10:40:00,12.361,51.852,0
2015-09-06 10:45:00,13.331,55.374,0
2015-09-06 10:50:00,15.696,51.527,0
2015-09-06 10:55:00,13.434,52.972,0
2015-09-06 11:00:00,14.979,50.246,0
2015-09-06 11:05:00,13.222,53.285,0
2015-09-06 11:10:00,13.3,56.981,0
2015-09-06 11:15:00,12.157,59.362,0
2015-09-06 11:20:00,12.447,52.534,0
2015-09-06 11:25:00,12.426,55.493,0
2015-09-06 11:30:00,13.254,55.651,0
2015-09-06 11:35:00,12.189,51.074,0
2015-09-06 11:40:00,12.767,54.431,0
2015-09-06 11:45:00,11.327,55.026,0
2015-09-06 11:50:00,13.922,51.161,0
2015-09-06 11:55:00,12.142,52.275,0
2015-09-06 12:00:00,13.013,54.55,0
2015-09-06 12:05:00,16.756,52.412,0
2015-09-06 12:10:00,11.526,51.976,0
2015-09-06 12:15:00,13.004,56.79,0
2015-09-06 12:20:00,13.979,51.665,0
2015-09-06 12:25:00,14.402,55.072,0
2015-09-06 12:30:00,14.973,49.643,0
2015-09-06 12:35:00,13.611,50.507,0
2015-09-06 12:40:00,11.962,52.079,0
2015-09-06 12:45:00,12.632,51.128,0
2015-09-06 12:50:00,13.94,52.733,0
2015-09-06 12:55:00,11.766,55.794,0
2015-09-06 13:00:00,14.833,52.599,0
2015-09-06 13:05:00,12.036,53.998,0
2015-09-06 13:10:00,12.607,52.62,0
2015-09-06 13:15:00,10.462,55.304,0
2015-09-06 13:20:00,14.246,50.812,0
2015-09-06 13:25:00,10.061,56.265,0
2015-09-06 13:30:00,13.942,49.31,0
2015-09-06 13:35:00,12.691,54.767,0
2015-09-06 13:40:00,13.075,54.693,0
2015-09-06 13:45:00,13.1,50.387,0
2015-09-06 13:50:00,13.041,56.366,0
2015-09-06 13:55:00,11.882,55.455,0
2015-09-06 14:00:00,10.781,58.364,0
2015-09-06 14:05:00,11.225,58.636,0
2015-09-06 14:10:00,11.463,56.465,0
2015-09-06 14:15:00,11.193,59.122,0
2015-09-06 14:20:00,9.253,57.949,0
2015-09-06 14:25:00,9.044,54.999,0
2015-09-06 14:30:00,14.139,54.384,0
2015-09-06 14:35:00,9.0,57.438,0
2015-09-06 14:40:00,10.744,56.933,0
2015-09-06 14:45:00,13.894,54.109,0
2015-09-06 14:50:00,11.994,55.621,0
2015-09-06 14:55:00,9.953,57.947,0
2015-09-06 15:00:00,12.518,52.883,0
2015-09-06 15:05:00,10.435,58.986,0
2015-09-06 15:10:00,11.496,52.804,0
2015-09-06 15:15:00,10.629,54.987,0
2015-09-06 15:20:00,11.057,55.351,0
2015-09-06 15:25:00,10.779,59.107,0
2015-09-06 15:30:00,12.151,57.422,0
2015-09-06 15:35:00,8.834,57.83,0
2015-09-06 15:40:00,12.535,55.543,0
2015-09-06 15:45:00,10.097,54.896,0
2015-09-06 15:50:00,12.201,53.984,0
2015-09-06 15:55:00,11.769,55.133,0
2015-09-06 16:00:00,10.746,56.032,0
2015-09-06 16:05:00,9.793,60.099,0
2015-09-06 16:10:00,11.554,57.822,0
2015-09-06 16:15:00,10.12,55.305,0
2015-09-06 16:20:00,10.356,54.439,0
2015-09-06 16:25:00,11.611,56.395,0
2015-09-06 16:30:00,10.014,55.847,0
2015-09-06 16:35:00,11.115,53.935,0
2015-09-06 16:40:00,10.031,59.592,0
2015-09-06 16:45:00,9.52,55.923,0
2015-09-06 16:50:00,13.664,48.766,0
2015-09-06 16:55:00,8.775,61.259,0
2015-09-06 17:00:00,9.677,57.807,0
2015-09-06 17:05:00,12.847,52.361,0
2015-09-06 17:10:00,9.191,58.09,0
2015-09-06 17:15:00,9.717,55.719,0
2015-09-06 17:20:00,9.483,54.335,0
2015-09-06 17:25:00,10.089,58.085,0
2015-09-06 17:30:00,9.085,56.921,0
2015-09-06 17:35:00,9.806,55.607,0
2015-09-06 17:40:00,8.476,57.811,0
2015-09-06 17:45:00,10.559,55.87,0
2015-09-06 17:50:00,8.254,57.831,0
2015-09-06 17:55:00,7.645,56.807,0
2015-09-06 18:00:00,6.68,61.375,0
2015-09-06 18:05:00,7.05,59.487,0
2015-09-06 18:10:00,7.076,56.622,0
2015-09-06 18:15:00,6.987,62.156,0
2015-09-06 18:20:00,6.939,58.056,0
2015-09-06 18:25:00,6.8,58.87,0
2015-09-06 18:30:00,7.526,58.027,0
2015-09-06 18:35:00,6.969,58.397,0
2015-09-06 18:40:00,7.424,59.57,0
2015-09-06 18:45:00,7.094,60.527,0
2015-09-06 18:50:00,6.547,62.206,0
2015-09-06 18:55:00,7.139,62.194,0
2015-09-06 19:00:00,6.286,60.573,0
2015-09-06 19:05:00,5.36,60.939,0
2015-09-06 19:10:00,7.17,58.458,0
2015-09-06 19:15:00,7.908,58.538,0
2015-09-06 19:20:00,7.892,56.405,0
2015-09-06 19:25:00,5.344,59.931,0
2015-09-06 19:30:00,6.892,60.737,0
2015-09-06 19:35:00,5.358,59.998,0
2015-09-06 19:40:00,5.308,62.407,0
2015-09-06 19:45:00,6.32,59.877,0
2015-09-06 19:50:00,4.549,61.883,0
2015-09-06 19:55:00,5.201,61.564,0
2015-09-06 20:00:00,4.353,65.346,0
2015-09-06 20:05:00,4.04,65.187,0
2015-09-06 20:10:00,6.591,61.633,0
2015-09-06 20:15:00,7.143,60.326,0
2015-09-06 20:20:00,4.228,60.937,0
2015-09-06 20:25:00,3.707,64.153,0
2015-09-06 20:30:00,2.599,60.687,0
2015-09-06 20:35:00,6.465,61.884,0
2015-09-06 20:40:00,4.966,63.129,0
2015-09-06 20:45:00,5.393,60.503,0
2015-09-06 20:50:00,2.441,66.248,0
2015-09-06 20:55:00,4.897,58.595,0
2015-09-06 21:00:00,4.473,60.813,0
2015-09-06 21:05:00,4.112,61.437,0
2015-09-06 21:10:00,4.956,60.875,0
2015-09-06 21:15:00,2.718,64.764,0
2015-09-06 21:20:00,4.834,58.557,0
2015-09-06 21:25:00,4.719,63.293,0
2015-09-06 21:30:00,3.975,62.599,0
2015-09-06 21:35:00,3.169,59.49,0
2015-09-06 21:40:00,4.831,61.235,0
2015-09-06 21:45:00,4.702,61.063,0
2015-09-06 21:50:00,3.798,62.716,0
2015-09-06 21:55:00,4.048,63.887,0
2015-09-06 22:00:00,3.574,59.716,0
2015-09-06 22:05:00,4.308,59.301,0
2015-09-06 22:10:00,0.823,63.024,0
2015-09-06 22:15:00,3.544,61.041,0
2015-09-06 22:20:00,2.114,63.542,0
2015-09-06 22:25:00,5.691,62.252,0
2015-09-06 22:30:00,4.118,63.93,0
2015-09-06 22:35:00,3.534,60.879,0
2015-09-06 22:40:00,4.987,59.095,0
2015-09-06 22:45:00,4.538,61.637,0
2015-09-06 22:50:00,3.632,61.634,0
2015-09-06 22:55:00,5.581,57.519,0
2015-09-06 23:00:00,4.452,61.194,0
2015-09-06 23:05:00,3.138,63.097,0
2015-09-06 23:10:00,4.512,61.594,0
2015-09-06 23:15:00,4.42,64.631,0
2015-09-06 23:20:00,3.32,63.682,0
2015-09-06 23:25:00,1.84,65.165,0
2015-09-06 23:30:00,21.198,57.476,1
2015-09-06 23:35:00,23.032,55.206,1
2015-09-06 23:40:00,25.223,53.23,1
2015-09-06 23:45:00,22.608,53.759,1
2015-09-06 23:50:00,22.373,50.918,1
2015-09-06 23:55:00,23.05,56.66,1
2015-09-07 00:00:00,23.02,56.1,1
2015-09-07 00:05:00,24.032,49.888,1
2015-09-07 00:10:00,24.512,52.138,1
2015-09-07 00:15:00,26.756,51.408,1
2015-09-07 00:20:00,24.396,52.914,1
2015-09-07 00:25:00,6.176,59.285,0
2015-09-07 00:30:00,2.815,64.256,0
2015-09-07 00:35:00,4.871,60.438,0
2015-09-07 00:40:00,2.447,66.015,0
2015-09-07 00:45:00,5.905,58.116,0
2015-09-07 00:50:00,5.197,58.895,0
2015-09-07 00:55:00,3.231,58.733,0
2015-09-07 01:00:00,6.013,62.047,0
2015-09-07 01:05:00,4.597,61.513,0
2015-09-07 01:10:00,7.281,57.572,0
2015-09-07 01:15:00,3.46,62.968,0
2015-09-07 01:20:00,5.714,59.978,0
2015-09-07 01:25:00,3.146,61.477,0
2015-09-07 01:30:00,5.891,61.834,0
2015-09-07 01:35:00,2.828,60.868,0
2015-09-07 01:40:00,3.719,62.416,0
2015-09-07 01:45:00,7.869,57.953,0
2015-09-07 01:50:00,5.081,59.579,0
2015-09-07 01:55:00,8.361,56.853,0
2015-09-07 02:00:00,4.335,62.194,0
2015-09-07 02:05:00,3.278,64.503,0
2015-09-07 02:10:00,4.989,59.575,0
2015-09-07 02:15:00,4.225,58.198,0
2015-09-07 02:20:00,4.278,57.387,0
2015-09-07 02:25:00,4.414,60.815,0
2015-09-07 02:30:00,4.234,60.812,0
2015-09-07 02:35:00,3.905,64.758,0
2015-09-07 02:40:00,6.871,59.133,0
2015-09-07 02:45:00,6.487,59.224,0
2015-09-07 02:50:00,4.607,59.966,0
2015-09-07 02:55:00,5.907,61.625,0
2015-09-07 03:00:00,3.323,63.163,0
2015-09-07 03:05:00,4.328,60.084,0
2015-09-07 03:10:00,4.967,57.444,0
2015-09-07 03:15:00,4.436,65.564,0
2015-09-07 03:20:00,5.567,58.44,0
2015-09-07 03:25:00,5.72,60.743,0
2015-09-07 03:30:00,4.584,60.473,0
2015-09-07 03:35:00,5.003,60.063,0
2015-09-07 03:40:00,4.777,62.941,0
2015-09-07 03:45:00,6.063,57.647,0
2015-09-07 03:50:00,4.395,65.039,0
2015-09-07 03:55:00,7.341,59.766,0
2015-09-07 04:00:00,7.099,61.672,0
2015-09-07 04:05:00,4.837,57.412,0
2015-09-07 04:10:00,4.931,58.751,0
2015-09-07 04:15:00,5.191,64.561,0
2015-09-07 04:20:00,5.34,59.356,0
2015-09-07 04:25:00,3.501,58.748,0
2015-09-07 04:30:00,2.549,66.832,0
2015-09-07 04:35:00,6.146,59.899,0
2015-09-07 04:40:00,4.843,61.295,0
2015-09-07 04:45:00,5.036,64.0,0
2015-09-07 04:50:00,5.571,56.743,0
2015-09-07 04:55:00,6.456,56.007,0
2015-09-07 05:00:00,4.566,58.89,0
2015-09-07 05:05:00,5.167,58.577,0
2015-09-07 05:10:00,3.347,60.727,0
2015-09-07 05:15:00,6.224,59.716,0
2015-09-07 05:20:00,6.065,62.959,0
2015-09-07 05:25:00,5.545,61.872,0
2015-09-07 05:30:00,4.018,62.013,0
2015-09-07 05:35:00,3.835,63.464,0
2015-09-07 05:40:00,6.564,61.696,0
2015-09-07 05:45:00,5.413,62.648,0
2015-09-07 05:50:00,5.334,59.809,0
2015-09-07 05:55:00,6.258,61.507,0
2015-09-07 06:00:00,8.562,59.324,0
2015-09-07 06:05:00,4.608,59.666,0
2015-09-07 06:10:00,4.7,61.69,0
2015-09-07 06:15:00,5.326,63.665,0
2015-09-07 06:20:00,6.751,60.87,0
2015-09-07 06:25:00,7.713,59.361,0
2015-09-07 06:30:00,6.564,59.697,0
2015-09-07 06:35:00,7.764,58.422,0
2015-09-07 06:40:00,8.899,58.909,0
2015-09-07 06:45:00,8.558,59.517,0
2015-09-07 06:50:00,10.027,59.752,0
2015-09-07 06:55:00,5.736,59.265,0
2015-09-07 07:00:00,12.128,49.436,0
2015-09-07 07:05:00,12.877,53.932,0
2015-09-07 07:10:00,8.749,59.14,0
2015-09-07 07:15:00,10.494,54.205,0
2015-09-07 07:20:00,14.224,51.714,0
2015-09-07 07:25:00,11.527,59.066,0
2015-09-07 07:30:00,14.43,51.622,0
2015-09-07 07:35:00,12.636,53.588,0
2015-09-07 07:40:00,16.142,48.7,0
2015-09-07 07:45:00,12.852,56.34,0
2015-09-07 07:50:00,14.541,52.387,0
2015-09-07 07:55:00,15.973,50.046,0
2015-09-07 08:00:00,12.501,53.7,0
2015-09-07 08:05:00,17.605,53.62,0
2015-09-07 08:10:00,16.153,50.597,0
2015-09-07 08:15:00,18.371,49.739,0
2015-09-07 08:20:00,17.242,45.662,0
2015-09-07 08:25:00,16.55,50.707,0
2015-09-07 08:30:00,15.328,50.706,0
2015-09-07 08:35:00,19.693,46.777,0
2015-09-07 08:40:00,15.754,47.259,0
2015-09-07 08:45:00,17.723,48.008,0
2015-09-07 08:50:00,16.699,50.591,0
2015-09-07 08:55:00,18.262,49.0,0
2015-09-07 09:00:00,18.386,46.075,0
2015-09-07 09:05:00,17.113,49.09,0
2015-09-07 09:10:00,17.869,51.004,0
2015-09-07 09:15:00,16.966,48.327,0
2015-09-07 09:20:00,19.803,47.504,0
2015-09-07 09:25:00,15.993,50.184,0
2015-09-07 09:30:00,16.132,48.4,0
2015-09-07 09:35:00,15.923,49.281,0
2015-09-07 09:40:00,20.246,48.787,0
2015-09-07 09:45:00,19.269,49.87,0
2015-09-07 09:50:00,17.198,50.469,0
2015-09-07 09:55:00,17.406,47.328,0
2015-09-07 10:00:00,15.66,52.923,0
2015-09-07 10:05:00,15.488,51.688,0
2015-09-07 10:10:00,17.823,50.573,0
2015-09-07 10:15:00,17.363,47.103,0
2015-09-07 10:20:00,17.498,49.1,0
2015-09-07 10:25:00,15.443,47.351,0
2015-09-07 10:30:00,17.225,46.531,0
2015-09-07 10:35:00,14.35,55.863,0
2015-09-07 10:40:00,14.946,50.961,0
2015-09-07 10:45:00,16.546,50.422,0
2015-09-07 10:50:00,15.078,50.259,0
2015-09-07 10:55:00,17.407,48.905,0
2015-09-07 11:00:00,16.293,46.197,0
2015-09-07 11:05:00,15.545,52.947,0
2015-09-07 11:10:00,15.315,49.548,0
2015-09-07 11:15:00,16.726,51.307,0
2015-09-07 11:20:00,16.653,49.047,0
2015-09-07 11:25:00,17.176,52.941,0
2015-09-07 11:30:00,17.706,46.052,0
2015-09-07 11:35:00,19.979,44.369,0
2015-09-07 11:40:00,14.563,52.774,0
2015-09-07 11:45:00,16.021,51.503,0
2015-09-07 11:50:00,17.834,50.919,0
2015-09-07 11:55:00,14.952,51.94,0
2015-09-07 12:00:00,17.411,51.565,0
2015-09-07 12:05:00,17.54,50.972,0
2015-09-07 12:10:00,16.977,48.845,0
2015-09-07 12:15:00,14.319,53.241,0
2015-09-07 12:20:00,15.416,53.844,0
2015-09-07 12:25:00,14.842,51.138,0
2015-09-07 12:30:00,15.386,53.317,0
2015-09-07 12:35:00,16.882,50.008,0
2015-09-07 12:40:00,16.244,53.798,0
2015-09-07 12:45:00,13.528,54.644,0
2015-09-07 12:50:00,17.175,52.112,0
2015-09-07 12:55:00,16.762,48.528,0
2015-09-07 13:00:00,14.962,53.11,0
2015-09-07 13:05:00,14.837,51.508,0
2015-09-07 13:10:00,13.583,50.711,0
2015-09-07 13:15:00,15.924,50.021,0
2015-09-07 13:20:00,14.416,51.929,0
2015-09-07 13:25:00,15.722,50.542,0
2015-09-07 13:30:00,15.478,51.473,0
2015-09-07 13:35:00,14.848,51.871,0
2015-09-07 13:40:00,13.941,51.753,0
2015-09-07 13:45:00,12.624,51.675,0
2015-09-07 13:50:00,13.384,52.487,0
2015-09-07 13:55:00,16.311,50.486,0
2015-09-07 14:00:00,14.951,49.911,0
2015-09-07 14:05:00,15.042,55.102,0
2015-09-07 14:10:00,14.469,50.605,0
2015-09-07 14:15:00,12.98,54.195,0
2015-09-07 14:20:00,13.186,54.9,0
2015-09-07 14:25:00,13.01,50.328,0
2015-09-07 14:30:00,14.867,49.289,0
2015-09-07 14:35:00,14.951,53.871,0
2015-09-07 14:40:00,13.314,53.768,0
2015-09-07 14:45:00,15.82,50.041,0
2015-09-07 14:50:00,16.016,50.127,0
2015-09-07 14:55:00,12.651,54.177,0
2015-09-07 15:00:00,14.098,54.876,0
2015-09-07 15:05:00,14.897,52.587,0
2015-09-07 15:10:00,14.541,52.548,0
2015-09-07 15:15:00,14.665,51.031,0
2015-09-07 15:20:00,12.18,54.846,0
2015-09-07 15:25:00,17.037,51.431,0
2015-09-07 15:30:00,12.589,56.828,0
2015-09-07 15:35:00,11.036,55.012,0
2015-09-07 15:40:00,13.941,51.41,0
2015-09-07 15:45:00,12.618,53.673,0
2015-09-07 15:50:00,12.652,52.412,0
2015-09-07 15:55:00,11.915,51.56,0
2015-09-07 16:00:00,12.036,54.363,0
2015-09-07 16:05:00,14.566,50.836,0
2015-09-07 16:10:00,11.646,58.147,0
2015-09-07 16:15:00,11.694,55.079,0
2015-09-07 16:20:00,11.918,53.24,0
2015-09-07 16:25:00,13.587,54.015,0
2015-09-07 16:30:00,14.678,53.393,0
2015-09-07 16:35:00,13.159,54.748,0
2015-09-07 16:40:00,11.542,57.456,0
2015-09-07 16:45:00,13.485,54.168,0
2015-09-07 16:50:00,13.471,50.244,0
2015-09-07 16:55:00,11.104,55.715,0
2015-09-07 17:00:00,12.639,55.143,0
2015-09-07 17:05:00,12.445,53.808,0
2015-09-07 17:10:00,13.782,53.607,0
2015-09-07 17:15:00,12.941,56.097,0
2015-09-07 17:20:00,13.419,53.887,0
2015-09-07 17:25:00,12.508,54.649,0
2015-09-07 17:30:00,12.73,58.468,0
2015-09-07 17:35:00,9.731,55.25,0
2015-09-07 17:40:00,12.884,54.133,0
2015-09-07 17:45:00,9.985,55.126,0
2015-09-07 17:50:00,11.464,56.23,0
2015-09-07 17:55:00,12.542,53.903,0
2015-09-07 18:00:00,10.775,59.071,0
2015-09-07 18:05:00,7.636,56.639,0
2015-09-07 18:10:00,9.738,55.604,0
2015-09-07 18:15:00,8.709,56.404,0
2015-09-07 18:20:00,8.927,55.712,0
2015-09-07 18:25:00,7.308,59.828,0
2015-09-07 18:30:00,8.978,59.428,0
2015-09-07 18:35:00,9.333,57.982,0
2015-09-07 18:40:00,9.465,55.178,0
2015-09-07 18:45:00,7.668,59.266,0
2015-09-07 18:50:00,9.357,58.404,0
2015-09-07 18:55:00,7.691,58.321,0
2015-09-07 19:00:00,8.117,55.976,0
2015-09-07 19:05:00,8.721,59.259,0
2015-09-07 19:10:00,8.655,59.765,0
2015-09-07 19:15:00,8.576,54.085,0
2015-09-07 19:20:00,7.408,56.103,0
2015-09-07 19:25:00,5.717,60.303,0
2015-09-07 19:30:00,8.341,58.739,0
2015-09-07 19:35:00,6.956,62.963,0
2015-09-07 19:40:00,6.829,57.613,0
2015-09-07 19:45:00,4.57,59.913,0
2015-09-07 19:50:00,6.402,56.837,0
2015-09-07 19:55:00,6.708,60.246,0
2015-09-07 20:00:00,5.091,61.372,0
2015-09-07 20:05:00,6.595,58.471,0
2015-09-07 20:10:00,6.781,58.125,0
2015-09-07 20:15:00,6.504,62.737,0
2015-09-07 20:20:00,6.077,57.68,0
2015-09-07 20:25:00,5.7,60.748,0
2015-09-07 20:30:00,4.397,59.304,0
2015-09-07 20:35:00,4.959,63.026,0
2015-09-07 20:40:00,6.463,62.26,0
2015-09-07 20:45:00,5.291,64.903,0
2015-09-07 20:50:00,4.205,62.887,0
2015-09-07 20:55:00,4.951,64.28,0
2015-09-07 21:00:00,5.271,58.928,0
2015-09-07 21:05:00,5.512,58.519,0
2015-09-07 21:10:00,4.036,64.018,0
2015-09-07 21:15:00,5.119,62.848,0
2015-09-07 21:20:00,3.989,64.804,0
2015-09-07 21:25:00,4.878,57.451,0
2015-09-07 21:30:00,3.925,59.476,0
2015-09-07 21:35:00,3.173,64.007,0
2015-09-07 21:40:00,5.539,61.919,0
2015-09-07 21:45:00,4.095,63.173,0
2015-09-07 21:50:00,3.136,62.055,0
2015-09-07 21:55:00,4.831,60.27,0
2015-09-07 22:00:00,5.162,61.051,0
2015-09-07 22:05:00,5.638,61.251,0
2015-09-07 22:10:00,6.263,59.09,0
2015-09-07 22:15:00,5.864,60.984,0
2015-09-07 22:20:00,5.33,61.204,0
2015-09-07 22:25:00,2.208,67.737,0
2015-09-07 22:30:00,3.82,60.779,0
2015-09-07 22:35:00,4.589,59.021,0
2015-09-07 22:40:00,7.276,57.849,0
2015-09-07 22:45:00,4.116,60.43,0
2015-09-07 22:50:00,5.572,63.498,0
2015-09-07 22:55:00,5.358,59.362,0
2015-09-07 23:00:00,6.722,60.181,0
2015-09-07 23:05:00,4.063,61.996,0
2015-09-07 23:10:00,5.172,61.56,0
2015-09-07 23:15:00,5.003,61.295,0
2015-09-07 23:20:00,7.423,64.616,0
2015-09-07 23:25:00,5.226,59.201,0
2015-09-07 23:30:00,3.635,64.173,0
2015-09-07 23:35:00,2.889,62.892,0
2015-09-07 23:40:00,5.514,61.125,0
2015-09-07 23:45:00,4.474,65.425,0
2015-09-07 23:50:00,6.035,59.325,0
2015-09-07 23:55:00,6.018,59.915,0
